Open,High,Low,Close,Volume,MA_10,MA_30
0.8633059128784256,0.8655344467331341,0.8744754195561818,0.8763813821548648,0.14457278165698273,0.8730399554876971,0.8656418089446478
0.8759964298187316,0.8658976836130554,0.884917886844402,0.8780806571812229,0.12421802651578795,0.8743259794267078,0.8673660576439661
0.8778254861656855,0.864535372079432,0.8830949434026955,0.8766514528664106,0.1152827217561532,0.8751718859061304,0.8689612341048036
0.8764254745333776,0.8688041330009644,0.8804280421201446,0.8813103786965585,0.10926626368087275,0.8766732244047797,0.8711040018144025
0.8810206495513705,0.8677482376220556,0.8836014005249598,0.8790033758838943,0.13555542096646256,0.8778125328959818,0.8730246436240929
0.8784126144934695,0.8699847568010597,0.8819022210830257,0.8775967003568202,0.07145313238747591,0.8785649712802959,0.8749229864745844
0.8772044532443249,0.8639108984506929,0.8794828478000193,0.8717561121356673,0.13291497833332683,0.878905685016361,0.8764812806662869
0.8713560486759705,0.8647396495159083,0.87624204419666,0.8697080530113365,0.15657639211794172,0.8802437431869348,0.8775768923926008
0.8693350041223024,0.8559978502363672,0.8131590802150747,0.8130697190426638,0.27800549383994405,0.8761822280670912,0.8762179959128154
0.8121937732973484,0.8181240651431598,0.8212948118227449,0.8218247631214733,0.2643314590716739,0.8717527617533061,0.87514253700174
0.8214068642192695,0.8108239878253973,0.8035379058842776,0.8177173804789427,0.2594139643564666,0.865585354993688,0.8739654555568876
0.817297103748332,0.803944106699898,0.810289568611032,0.7997119337323951,0.20445114350800825,0.8573463705921298,0.8722845223240887
0.7991757875995741,0.7908426333384935,0.795773466275924,0.7850261862814792,0.2208877279494223,0.8477137121927008,0.8698668911526268
0.7844417608667668,0.7976999247610446,0.7958748401181349,0.8089847278172145,0.20893491401710668,0.8401100422182042,0.8686859518831433
0.8081066158887952,0.8014010327790448,0.8145318853357449,0.8051134853339653,0.187755692141777,0.8323419221202515,0.8671413773092957
0.8045613806832576,0.8090870752668113,0.8159272179769065,0.8162769117702614,0.17539845969295453,0.8258953097545236,0.8655016081645575
0.8158631875224479,0.8116074208975819,0.8220262694240626,0.8173459302225748,0.13712522907280705,0.8201751114363687,0.8645985317239846
0.8168906620960702,0.8106877566720352,0.8232640467847149,0.8215772211976661,0.1411254557034733,0.8151150676447176,0.8639304423435898
0.8207632282355249,0.8071569722425214,0.7999819917198999,0.7893361906429978,0.2213810403910551,0.8126199374234571,0.8621007080513661
0.7887320701896755,0.7865625082719196,0.7845319588249123,0.7997119337323951,0.2480277270897887,0.8102951929540652,0.8603147184544533
0.7991757875995741,0.7952362612683468,0.8083653886900445,0.805462406802595,0.15655001699729998,0.8090068149823753,0.8583439092210625
0.8050130284602878,0.7972571388658334,0.8066436817276191,0.7994642544379308,0.2124008002406974,0.8089807762037162,0.8558143592593113
0.7989951009240518,0.8037169623862044,0.8103795413300673,0.8164682690953798,0.1521815155339692,0.8122863146692674,0.8538276842641057
0.8160325726667782,0.8131741484548158,0.8258521017455464,0.8264611601638833,0.15401409799041116,0.8141236299547858,0.8522818220038815
0.8260585468932228,0.8429645617452113,0.8360359146369062,0.8535819742223961,0.1919972022834993,0.8192191719815693,0.8517260858770657
0.853291240183173,0.8428396947368904,0.8586877485796846,0.8530193040115667,0.18664402964954302,0.8230819374220417,0.851062288784592
0.8527267149177732,0.8442360987056376,0.8624348719423783,0.8547860280304825,0.13673155597582082,0.8270180533654587,0.850539137404493
0.8544992636087664,0.8428283305918489,0.8512609470528406,0.8563502677010678,0.1499816351011828,0.8306737794654668,0.8505151215301257
0.8560573588542121,0.8426466428583208,0.853804084335619,0.8463459748680383,0.14200853381681205,0.8366672766451551,0.8503110075359934
0.8457378204638756,0.8322699311512973,0.8408970513604802,0.8335395953747299,0.17399080973574083,0.840223613463559,0.8491519327624193
0.8331151127107218,0.829874452528848,0.8399969120813374,0.8395039545577866,0.1597550825834333,0.8438024363487255,0.8477467214490675
0.8391555054857908,0.833257641659958,0.8350794565565353,0.8376245866001794,0.16456609995975352,0.8478142712696852,0.8462051462422666
0.8372473384204925,0.8290229731735497,0.8434852436842414,0.8417771641888435,0.16182308741301094,0.8504750214097829,0.8448762643709431
0.8411313439146905,0.8461433348527103,0.8523749604137206,0.8566541315942208,0.16630490420946925,0.8536492395124124,0.8439367401245244
0.8563509230181042,0.8456779592545509,0.8645391346643664,0.8584546487947441,0.1364678047694033,0.8541615087957275,0.8431537325867928
0.8576944269944514,0.8510365694029818,0.8663284241882657,0.863394909730307,0.1111584343728387,0.8552523068834268,0.842612574535416
0.8631478292652875,0.8546922208408165,0.8737664894753553,0.8643514216145861,0.11039453273054786,0.8562579265371102,0.8423304194185848
0.8640622885269887,0.8554074690427524,0.8745653922752171,0.8686052413774156,0.12609261379399272,0.8575463045088001,0.8422883968729395
0.8681833505291184,0.8550215038727482,0.8657432581072116,0.8578919785839146,0.16908210672741408,0.8587601477402462,0.8439963453471531
0.857615454099658,0.8546014462676199,0.8632226483449245,0.8679413289924206,0.15153581350640621,0.8623768373351433,0.8457536132564778
0.867697935982063,0.8603801140211791,0.8747454750762175,0.8736242156994055,0.1436672358482825,0.8659639354394839,0.847883938565603
0.8733882569372796,0.8779887181757167,0.8845240673245939,0.8910444634473854,0.16126237188529363,0.8715800219687573,0.851364157018875
0.8910353222466231,0.8844939982762532,0.9006268488621095,0.8945893132497432,0.1661886583073815,0.8771322174515592,0.8555390508651637
0.8944224738390226,0.8870143439070235,0.8997941547815108,0.8957371824591408,0.17114718098803156,0.8812410587376069,0.8588447459384703
0.8955628259010145,0.8843577671228908,0.8976110457378034,0.8937453079334988,0.16550876630861627,0.8849512019856944,0.862222054171589
0.8935417813473464,0.8962898422421071,0.9046102364641023,0.9090724389816712,0.2061782254818832,0.8897533275587803,0.8657580200228583
0.9089420471262825,0.8992188813329642,0.9153003691147968,0.9052238626568171,0.13243338816753475,0.8940502892723452,0.8691066013338917
0.9051033855804039,0.8952453110082395,0.9080423866287078,0.9046386636582492,0.18564568249043656,0.8978385199725738,0.8722716506948234
0.9043694751706738,0.9097431883383915,0.9154017429570077,0.9215300343770069,0.19862224184618027,0.9045288541511971,0.8773088861224161
0.9212939316014793,0.9113667366208327,0.9276560272896185,0.9202133366302291,0.19463764491663504,0.9100242640113216,0.8819005820638168
0.920097071883527,0.9105719394036069,0.9248428344868042,0.9200107149112414,0.1478472040418407,0.9149009243246515,0.8862654358230941
0.9199389882703889,0.9103903902572137,0.9176635609595049,0.9068442869260912,0.18307361979970538,0.9165619759975607,0.8903571430356765
0.906729152189451,0.8991621991948919,0.9113731629511025,0.9112669352263011,0.213056270831461,0.91831531152828,0.8939694383289736
0.9109743932111426,0.9125928170010935,0.9219845866430073,0.9220927045878365,0.192488561012492,0.921086094643754,0.8976134703803984
0.9216214003589477,0.9174065025360754,0.9325960103349121,0.929373624147014,0.17472638254474976,0.924831736126974,0.9005015049010088
0.9292875597430638,0.9253536431855252,0.9396177285817023,0.9330084517296683,0.15069180964587003,0.9273481537357797,0.9035494847261458
0.932923069374587,0.9261029838225852,0.9438262540256782,0.937352249272794,0.12950965720158014,0.9307258440250583,0.9066956637237178
0.9372022149898548,0.9242410656685436,0.9383348961800674,0.9353716391410213,0.15399260715136975,0.9339568333084476,0.9097067665142171
0.9348989078034867,0.9292818955172191,0.941834491543217,0.9408407771058064,0.16765198907483891,0.9359869915287606,0.9133074830991226
0.9405554619886781,0.9276128906546122,0.9279373465699,0.9170848572890588,0.17699952720154105,0.9356580912818486,0.9164909683601243
0.9170034844550196,0.9206989170939885,0.9279935280081985,0.9332672580473448,0.1466720458888025,0.9370517652797192,0.9200638112460313
0.9331376606436855,0.9259894809593057,0.935724176335815,0.9302288938571276,0.15207894562036234,0.9395102130285482,0.9235924906768298
0.9301456491723558,0.930451155172273,0.9380761044202773,0.9280231332186287,0.1808854616427597,0.941271809336524,0.9268788861579846
0.9274811064584944,0.9296792248322645,0.9384361326593483,0.9425963741015101,0.16567873930830757,0.9434273811751821,0.9301537081652451
0.9424523275227844,0.933073778108416,0.9480460432298997,0.9410321344309248,0.16111584343728386,0.9446530523376995,0.9333003163916089
0.9410184112969003,0.9394428270555903,0.9519281943526116,0.9522855386475172,0.16994760142699172,0.946679672288034,0.9366874864179511
0.9523202181360909,0.9475261988584023,0.963147174283132,0.9549300611642849,0.2194068137682037,0.9485276457092433,0.9401389779491376
0.9549734593187603,0.9468109506564666,0.9624045902844985,0.953827249530364,0.16032068239275094,0.9504679029882626,0.9433863554861914
0.9538331072567684,0.9504326482463115,0.9622357712437436,0.951756661618295,0.18217881941052583,0.9516155011405576,0.9469630614312272
0.9515863077263608,0.9468904996717564,0.9434211707456245,0.935135361611083,0.2096548571249946,0.9535131692025687,0.9495234844590243
0.9351021975413932,0.9333803328502648,0.9460317532269472,0.9443856269081642,0.10715527717321224,0.9546820547424091,0.952219842151478
0.9441911094437524,0.9383643419737331,0.9511180277925043,0.9470639426065396,0.13211786357615374,0.9564519407114773,0.9543544597485241
0.9465055803377614,0.9479348923184894,0.9489125285912353,0.9607030630222232,0.1720146294002493,0.9598876153026508,0.9568737186882601
0.9607202879299371,0.9539861609659079,0.9693925172505519,0.9611419622711491,0.20672428816479954,0.9618373320381435,0.9593659623865813
0.9612058403005436,0.9596626900012293,0.9720481547728569,0.9675788765140821,0.16681873063382346,0.9646282183038635,0.9621793843803323
0.9675963048954649,0.959628597566105,0.973949944536283,0.9707749422184674,0.14844504010972048,0.9665720282947796,0.9645305531374866
0.9708027698123421,0.9580277775737467,0.9664217691672282,0.9615132751568601,0.16803296303966425,0.9672641283445191,0.9666754565220508
0.9611493326445831,0.9483208574884934,0.953492346034528,0.9462424660780334,0.1704497055755051,0.9664667322685991,0.9682607659551674
0.9462346192362535,0.9333235121250578,0.926755750647546,0.9162408519728144,0.22654861032419904,0.9627329187164504,0.9680592220992901
0.9161453950257276,0.9224246040946678,0.9234249743251514,0.9353154545423324,0.17330896402433543,0.9627518520713154,0.9686346870470497
0.9352602811545313,0.9312459523894987,0.9413618257016892,0.9369471432054756,0.12757450483153135,0.9619698366383638,0.9692800482394535
0.9369312538883469,0.9264775848475479,0.9296814436898869,0.918806661103155,0.17943776057642336,0.9589991196062198,0.9697358735131634
0.9183358247237258,0.9314388656809334,0.9293214154508159,0.9443181779156063,0.18156046935992465,0.9572765598033555,0.9709952883686352
0.9442248762137776,0.9436434031068741,0.9551239429149884,0.9525330805713245,0.15574215682060621,0.956371499226657,0.972155216365296
0.9525685761752146,0.9575622633884526,0.9634397573236592,0.963719035795359,0.21361112522125797,0.9559657102068215,0.9734639454213814
0.9637801085884196,0.9538497912254111,0.9705741131729059,0.9616259190955515,0.12317474396595851,0.9550038640074454,0.9745544116366875
0.9616574880775738,0.954315305410705,0.9664780879684566,0.964607961316423,0.16159938731571605,0.9553292115424605,0.9755929882786281
0.9646608010800956,0.9559841716861772,0.9515005835520666,0.9411333766050903,0.20197383588032336,0.9547920877177856,0.9758125388057832
0.9407474501953924,0.9396131506440768,0.9429372411438514,0.9516552820734726,0.1896859602302255,0.9585152431342434,0.9762246246186794
0.9516878836835384,0.9388069892818096,0.9384248688991027,0.9295649814721326,0.29940743895624855,0.9579106899931182,0.9767001787133334
0.9295247540745465,0.9298381842757097,0.9293552067315528,0.9241407637121674,0.20200802585152566,0.9565643421614518,0.9763524144052815
0.9240149819713014,0.9205626859406262,0.9269470972087922,0.9186828901412515,0.2128784829812092,0.9565513299930815,0.9759124548933864
0.9183019201301496,0.9213347548677693,0.9197903512019839,0.9338186638643052,0.21284136244104673,0.9554475052950933,0.9761332931069182
0.933769857272687,0.9304625193173142,0.9414294082631632,0.9331096939038336,0.17460329864842156,0.9534055047017902,0.9757718039465142
0.9330698514565331,0.9335165640036271,0.9304016375309591,0.9304539069931966,0.19010600844785347,0.9499083075387433,0.9753687214692568
0.931895732624516,0.9356962624574243,0.9428360046645704,0.9485494688906976,0.1396591943670557,0.9485335668957382,0.9752263588417136
0.9482217591963454,0.9431439350735904,0.9591074678799111,0.9546712548466084,0.03335768961758029,0.9474889107369437,0.9752164970484907
0.9547024982172524,0.9437796342602365,0.957532052437749,0.9552677182390455,0.13711546050960638,0.9489748685926245,0.9752713859889037
0.954815375705622,0.9503985558111872,0.9606265645208448,0.9609393405521615,0.11939235629466674,0.9499509111976698,0.9756212912064186
0.9609913868549961,0.9525102079818706,0.9684809768482338,0.9625261090104847,0.14613965919436706,0.9534161483955628,0.9766650133593666
0.9625945504016592,0.9497740821824481,0.9488562097900072,0.9380724836271349,0.19781047424420622,0.9548808044217802,0.9764244515593885
0.9378458509735993,0.9355713954491034,0.9444563377847851,0.9477954413547495,0.18204792066363712,0.9579414368371368,0.9764523252583872
0.9477927144816994,0.9680185241107662,0.9586798570793661,0.9803627272196523,0.2217747134880413,0.962834662030734,0.977201455128528
0.9804675085112934,0.9761699421966921,0.9880608262284075,0.9857644161918794,0.15452010956420487,0.9683703070751868,0.9781396916885701
0.985909471427386,0.9770782422771973,0.9901312976696585,0.98241092371464,0.14504362640325408,0.9738326016166949,0.9787048656143145
0.9825449228973707,0.9764196762133339,0.9913128935920125,0.9822420951772596,0.17464530347018437,0.9773747420294294,0.9791418205246649
0.9821835495463261,0.969471610217586,0.9754803049374624,0.9786410607762129,0.2334598687886591,0.979894712350132,0.9797944733720367
0.9787174250591332,0.9762834450599716,0.9895012139105516,0.9864170641830051,0.19851088022569285,0.9831694750878281,0.9813253230935326
0.9866884501383334,0.9740014693008017,0.9704502118102037,0.9650581249592182,0.24679981869546697,0.983602487123622,0.9831855012230102
0.9650898457947416,0.9672350910385816,0.975919179498253,0.9734643849400549,0.18398014246472572,0.9847524393085967,0.9846391630448939
0.9735688884833814,0.9608092213662003,0.9472920581080907,0.9391078462684977,0.28294838681947304,0.984861288046674,0.9847214964555133
0.9390877789927689,0.9412139706364351,0.9417894365022342,0.9470414138188011,0.29929803104840125,0.9847820163572343,0.9857973793608836
0.9470588040719693,0.934152263190273,0.898545113660613,0.9071706796069826,0.3177948054688324,0.9770872612041448,0.9843818770255164
0.9068081250842447,0.9005926955987638,0.8913994940511206,0.8804887647973955,0.34828249121806165,0.9660195238271361,0.9816366343612415
0.8802642739028074,0.8885016610361023,0.8861894554857913,0.8973239509174643,0.2842134157539572,0.9570742429701689,0.9791066551706982
0.8971661272712287,0.9003315974370805,0.8861107465270016,0.8763475889732574,0.3228715277642103,0.9459414447513079,0.9758571314896838
0.876030334412308,0.8777162558689919,0.8696141454696779,0.8882087209761559,0.39440280865729144,0.9364341999702237,0.9729459447867876
0.8876368691230315,0.8868555230507131,0.8932337012530728,0.8953995253843802,0.30766480542975816,0.9268654326172658,0.9712032601873992
0.8952241934359052,0.8832224613158266,0.8619736072240264,0.8513538221668161,0.29821469738944917,0.9149115824603422,0.9673812813946672
0.8510331391215734,0.8769102330938594,0.8558858195371158,0.8903018376759632,0.3758835665414988,0.9061686184365616,0.9658851625638485
0.8900756568601534,0.9003315974370805,0.8878549810099184,0.900474821675716,0.3604677969545527,0.9021070888747995,0.9649833738096518
0.8997854638603219,0.9180309761648144,0.9108330519110309,0.9238594286067524,0.41811892639583,0.8996699429554336,0.9651806253776081
0.9234842234759265,0.910447072395286,0.8848053866048754,0.8738942864109512,0.45622023030364595,0.8961715615550878,0.9628972119556349
0.8736705195699795,0.8704957275665195,0.8585301932991752,0.8745132785911266,0.4030968299058701,0.8955433525518197,0.9606644004206515
0.8740431944522161,0.8753435055366254,0.8830612894848883,0.8737030664564897,0.2419643799111451,0.8930600647035487,0.9585019143591038
0.8734221615308558,0.8645012796443079,0.8545466683342525,0.8440165806382928,0.25352547445911466,0.8896610725848069,0.9545186973409718
0.8432539644255362,0.8463818433114454,0.8299706544704869,0.8216897277657006,0.30005314098381153,0.882667862496012,0.9494514473049172
0.8212261775437472,0.8182148397163564,0.7919812878722475,0.8268326104202511,0.5167560164580753,0.8754593522894967,0.944557438196949
0.8264423854831006,0.8572239306166283,0.8377350940788405,0.8658480749219563,0.22963254572664432,0.8769831479710717,0.9409339934240526
0.8655977807100504,0.858836114754028,0.8594304699412477,0.8654093130436874,0.2053381290466273,0.874366171285281,0.9372333659860412
0.8651575722877635,0.8628890955069082,0.869805492030924,0.8671760370626033,0.17513470848653695,0.8708654358522556,0.9345318627825796
0.866828545021579,0.8737199572541843,0.8779862786795768,0.8862505022614645,0.20414441062350785,0.8669115707912725,0.9321866979940172
0.8860450071075606,0.8818942422173277,0.8856943994867023,0.8844837782425484,0.18219151854268667,0.8680248549457339,0.928533238612659
0.8841142369798781,0.8902273480367815,0.89318878357502,0.9034682656611134,0.12914919721947615,0.8710689224808228,0.9253973506371023
0.9033306990658595,0.890181891456616,0.8993102251797377,0.8893115326100768,0.11594014605955696,0.8727098565615681,0.9218498060774414
0.8890594838177234,0.8758316094248675,0.8610845943421995,0.8505660014492605,0.18157609906104571,0.8733984038994103,0.9168322994707923
0.8498701839971973,0.8724711485838406,0.8610845943421995,0.8859017181634917,0.15676199481875408,0.8801490764126083,0.913298474528986
0.8856159623929146,0.8777730765941991,0.8827349151636242,0.8790146402777635,0.13320901208566638,0.8856350268162594,0.9092059140933171
0.8787738500209629,0.8925773700790653,0.8898916611704325,0.8974139286977606,0.1477299812834329,0.8889535774501809,0.9066283376173288
0.8972337986348301,0.909527546756874,0.9062532344677382,0.9147779918470514,0.15114800154734043,0.8941437573674544,0.9043920974865061
0.9139438016200884,0.9008537937604468,0.8997153084597914,0.8955009049292025,0.17312726874880335,0.8971215798233922,0.9027304586113611
0.8950548082915751,0.8926000983691482,0.9009194319026367,0.9025455469584419,0.12115753566502424,0.8988346946117014,0.9010349473031232
0.9024162398041583,0.889262365818204,0.8802817505998811,0.8744120364169611,0.19261359862146032,0.8977758420472379,0.8997866819272506
0.8741334688782018,0.8707568257282026,0.8692766447510981,0.872330046740366,0.1579000324316298,0.8945022491049224,0.8994757946538363
0.8720898212621494,0.8823709819605285,0.8832299711627133,0.8946005776436124,0.17544534879631762,0.8950582918425447,0.8993720207416018
0.8940047306555688,0.8903408509000612,0.8990514334199474,0.8946794284006964,0.16278431403195492,0.8996959817340928,0.9000705539592502
0.8944224738390226,0.9017846835439003,0.9054879855856836,0.9086222753388763,0.16194031017141874,0.9020846172499557,0.9008484107514765
0.9085130024116365,0.8977089745009375,0.907412302869601,0.9089599324136367,0.13895097353500857,0.9052327965739264,0.9013651289341915
0.9088404711691048,0.895722189338575,0.9058818051054917,0.900407372683158,0.13471630138752672,0.905547500415169,0.9032343103993081
0.9002484131685441,0.9361958690778427,0.9112944539923128,0.948943310564147,0.24320108001234747,0.9091393354687058,0.9054688388494601
0.9489330665436914,0.9575963558235769,0.9598163979607374,0.9593527094644948,0.2566631369591635,0.9158521412721734,0.9077123758697487
0.9590267121337374,0.9466974477931871,0.9560692745980434,0.9477841769608802,0.1698157258237829,0.920608124916354,0.9086240264171683
0.9478040160128914,0.9486842329555494,0.9586911208396117,0.9556615599124948,0.24032130758079578,0.9291499707861657,0.9117397615774867
0.9557073697284905,0.9478782101804168,0.9557654277972708,0.9466363077514827,0.18677492839643173,0.9369618643384252,0.914488003608809
0.9450829656430696,0.934356679213884,0.9456154061866479,0.9460511087529148,0.1922902591795188,0.9423709115272345,0.9172448197469782
0.9476572339309454,0.946981274244953,0.958544829319348,0.9552902470267838,0.19713742023968145,0.9487429891527184,0.9214848935556956
0.9574799184194837,0.9504666020943011,0.9666356432489657,0.9619972319812627,0.1614616505745869,0.9543543531747143,0.9268312993415344
0.9619058461166975,0.9519198267882556,0.9623370077230248,0.9567869003341541,0.16665559562837257,0.9593824514431297,0.9317831967569628
0.9574461516494585,0.9692673327811099,0.9682559763691804,0.9796201014482301,0.20149419942717145,0.9677101669906014,0.9361184703710679
0.9796544873832186,0.9681206628290042,0.9830196067038329,0.9791586734115659,0.18390297081544055,0.9708867391259108,0.9404528802930912
0.9783448880004476,0.9656569993363062,0.978484706938593,0.9712362328844747,0.18032865354032268,0.9721360661505711,0.944418085405448
0.9716947638352104,0.9635908037457885,0.9799363583809827,0.9748935892548672,0.14370728695740514,0.9749861065135665,0.9477958228673589
0.9761318552400652,0.9839014412646243,0.986924285347036,0.991492360474341,0.1660382224340915,0.9787530353843319,0.9518733759987972
0.9904369750817775,0.9777707621890503,0.9927307537536653,0.9858543939721757,0.0802331169922203,0.9828760730760489,0.955012692570193
0.9866772864306926,0.9877046880008626,0.9959039747955508,0.9999999999999999,0.1673091125064961,0.9885477754326188,0.9592304674197116
0.9999999999999999,0.9878863757343905,0.9999999999999999,0.9969840272268643,0.17832023694626897,0.9929310853755806,0.9648097141217684
0.999706435836108,1.0,0.9901650889503953,0.9879138548610323,0.2629648370799029,0.9956557265621495,0.9686968781114262
0.989195047062608,0.9851729782250509,0.9984583758385749,0.996230137061573,0.15330587715836402,0.9998024345579277,0.973163364873475
0.9969177141026847,0.9871143068072477,0.9835148000658517,0.9814993320351807,0.18755445973984364,1.0,0.9763674321785072
0.9806142905932395,0.9678936571024452,0.9784285255002946,0.9700434434702575,0.19686096990110308,0.999041706512521,0.9784733176189704
0.9768092579938349,0.9711292509351515,0.9668606437280188,0.9730930720543439,0.23627809927204668,0.9992369179219136,0.9814299606978487
0.9709947580190567,0.962194399777041,0.9733309871744918,0.9717876387014351,0.1937985253376992,0.9989103861495996,0.9840684248483447
0.9717963397923882,0.9590268522274488,0.9378847578590311,0.9273930140152412,0.2873579162482465,0.9921715560093913,0.9860872605959725
0.924139160990863,0.9227652512716409,0.9267895419282829,0.933807399470436,0.22003883980728578,0.9866998020114097,0.9884298500117825
0.9371345436262534,0.9363321002312048,0.9416544087422164,0.9487294244512902,0.20414441062350785,0.9813096737355476,0.9904924252202243
0.9453878313381537,0.933175916826654,0.9258443476081576,0.9445544554455446,0.27195582264978135,0.9757976989951558,0.9923929089801788
0.9448685121975221,0.939999115814081,0.9381097583380843,0.942888973600794,0.289603708928076,0.9710641869758188,0.9936986386692168
0.9516654184447054,0.9539520685307838,0.9603003275625105,0.966386087099865,0.23374315712147792,0.9679266513456208,0.9958868575203002
0.968318913774003,0.9643287802378073,0.9785860807808039,0.97280047255506,0.18610773552982735,0.9670121313124489,0.9986453905736377
0.9711415401010025,0.9583684247507198,0.9708441686929415,0.961592125913944,0.19470797857167976,0.9661236356160174,0.999127372631178
0.9629333206903196,0.9735133654125594,0.9706753496521868,0.9822533595711288,0.2670490733540948,0.9670866660526927,1.0
0.9783335864692556,0.9656003171982339,0.9450865589068219,0.9361818512756582,0.29522160962476995,0.9633433930440702,0.9995578943441443
0.9391328472939863,0.9285439190252003,0.9291863876907979,0.9375436065979127,0.2995705739616994,0.9644105352696266,0.9988675112390482
0.9329682754993555,0.9259212960890573,0.9262830848060185,0.9291260822232067,0.2539845969295452,0.9639183835784761,0.9982002855507353
0.9326521082730791,0.9371949437315445,0.936545606656168,0.9494947163811075,0.2598291282924942,0.9639988395052146,0.9983315039331764
0.9440893956630235,0.9311664033742086,0.9095053018313431,0.8992482390798914,0.30613211786357614,0.95923575043724,0.996196027878546
0.8987129209854824,0.8937467683212539,0.8816772206039724,0.8982917271956125,0.4122734181765609,0.9545471961095089,0.9937685349138612
0.8900417522665772,0.8841988076794458,0.8796516668407742,0.8745807275836844,0.32897981033357687,0.9448956043552146,0.9906360755341439
0.874314155553724,0.8738107318273809,0.8684214231500081,0.8582409000525443,0.29043989793805164,0.9328518388150786,0.9860109311539447
0.8604154773642735,0.8924638672157859,0.8715946441918935,0.9053588980125901,0.2854374167229987,0.9269399817994282,0.9831987968465699
0.9078921073138272,0.9046911329318095,0.8998615999800549,0.8935764793961186,0.2747076269034045,0.9176172902920459,0.9802395783949394
0.8905499076995679,0.8825867621291807,0.8740027537146541,0.8717111919308477,0.26587098463209635,0.9108394236467263,0.976307821721381
0.8736705195699795,0.8706774153000474,0.8745653922752171,0.8802524872674572,0.2881296327410979,0.9048163494184003,0.9720690355990396
0.8777463754473408,0.8644558230641421,0.8592954421812299,0.8515900996967544,0.2833215459337379,0.8966649119254559,0.9669529058256612
0.8526928103241967,0.8598465535527713,0.8467598385683376,0.8588259616804553,0.3571230409146501,0.8871328126030116,0.9615734808298164
0.8529185653009365,0.8414091983330185,0.8426638133638883,0.8330219827393769,0.27908003579201557,0.8801703782420716,0.9553257207530703
0.8336231303201614,0.846472617884642,0.8448918400856485,0.8599513021021145,0.03843050448767793,0.8761396099662466,0.9504497183163803
0.8597267730793118,0.8524102450816466,0.8319286256722113,0.8222749267642685,0.2429597965012914,0.8706406473942252,0.9438211694870788
0.8245568214801863,0.8335641964018068,0.8334253321555835,0.8459183400129816,0.30296319596128524,0.8693451639987413,0.9386548670555026
0.8509314253408445,0.8813946355969093,0.8621422889018514,0.8918210197710718,0.32125971483610305,0.8679219129522329,0.9356742081022571
0.889838600352222,0.8838810273796902,0.8907356190112766,0.8926087031179705,0.2252064097404297,0.8678201696379493,0.9326073579137604
0.8948289154912844,0.9010580711969232,0.9048353743060854,0.9054601401867554,0.312876333897305,0.8713682312371789,0.9300799540959697
0.9036355647609436,0.8922254973441854,0.9039238339037673,0.8956472046788445,0.2055247086037597,0.8729866936930799,0.9288702826699033
0.8942756917570766,0.8810767167100191,0.8933238113350378,0.8848101709234398,0.20751456492773218,0.876479153906931,0.9270032473487473
0.8873659080215236,0.8978224773642169,0.8984550035786477,0.9098152021237503,0.23877787459509303,0.8818397051341553,0.9255204241414885
0.9092356112901746,0.9227197946914754,0.9175509233570484,0.9349440042859646,0.22948894784759477,0.892554871960191,0.9251542186988688
0.9363441255605628,0.9256829262174568,0.9405854504223189,0.9319281688834856,0.19130754172153341,0.9001218739041743,0.9247365581461731
0.9324037502339554,0.934356679213884,0.9431735053831501,0.9446444332258407,0.16532804788940425,0.9129867058242915,0.9239080942324598
0.9454669420564984,0.9403737168390436,0.9105742601512407,0.9015327131048173,0.27946589403844124,0.9188335019980898,0.9211924421823516
0.9126114613513819,0.9271928330494839,0.9018420987022705,0.9115931905365354,0.3187296569671346,0.9209121706219061,0.9192872369056839
0.9077453252318813,0.9015804061074242,0.9029448483029051,0.9136413870315231,0.2359948109392278,0.9231233582878609,0.9166727833950581
0.911042064574744,0.8984810434280803,0.9013357789429358,0.8906168285923285,0.21312465077386555,0.9215628656919364,0.9149365319930534
0.8871740576383603,0.8739357374228365,0.8761858627583615,0.8658031547171366,0.22953388323831775,0.9184253300617382,0.9122028680371699
0.8655753154712172,0.8683840753958361,0.8651806195466488,0.876021196292366,0.24464194308444337,0.9175013361301745,0.9101793107728289
0.8754882743857412,0.8732204892209006,0.8760508349983437,0.8737930442367857,0.21314907218186718,0.9137142896672452,0.9072947048480575
0.8774303460446157,0.8699394388080286,0.8782000153983843,0.8818054625441732,0.22541741070556376,0.9081277801866094,0.9066300492979997
0.8850739023663478,0.8970391828791671,0.8961706580556593,0.909196209943575,0.32131539564634676,0.9057379459915293,0.9070455637067352
0.9091905429889574,0.9109239507256215,0.9202066982422833,0.9226890306096166,0.00469965575583281,0.9034297519604866,0.9088787265947982
0.9211245464571493,0.9123089905493276,0.9243138498440485,0.9240507859318711,0.07728789518722429,0.9057971000888048,0.9113864068261426
0.9210455735623556,0.9079949116347641,0.9104279686309772,0.8999797378281013,0.11199266967017424,0.9045761658754832,0.911181434374426
0.9038613197376831,0.9000023144051488,0.9057467773454738,0.902477960595227,0.11733998116621014,0.9034025433864472,0.9115206245756311
0.8986903179230984,0.8861742286967669,0.8983537670993668,0.8910782566289929,0.11932983749018258,0.9034510537899498,0.9122586049661725
0.8904707969812232,0.881564959185396,0.8724048107520009,0.8672210946380797,0.21816522938540106,0.9036001232704378,0.9117620448331931
0.8674156733493631,0.8645694645145563,0.87427280923469,0.8672210946380797,0.21590380700445055,0.9026749595434933,0.9123576625961913
0.8634187903667953,0.8500488588943214,0.8376562477571209,0.8272377164875696,0.2878492749772392,0.897780550112597,0.9111539951387169
0.8296149458064014,0.827183783309591,0.828946613828642,0.8323580703543819,0.29324738300191855,0.8925820949761492,0.9111286968124708
0.8314666052157395,0.8344611323372706,0.811898775333931,0.8031103464144541,0.3405399280252263,0.8814291791651241,0.9089627769205866
0.8027210228051117,0.8105174330835485,0.8010960050807799,0.8244243654334217,0.4036096794739042,0.8710985139713789,0.9090446811024142
0.8213842611568855,0.8331100463615542,0.8197869789420568,0.8370281232077422,0.38597351547145037,0.861949732043926,0.9087059201300012
0.8362087001392294,0.8226880166614996,0.8192467305390555,0.815297871098244,0.32006990383826384,0.8530470404039672,0.9057900119103921
0.817014841115632,0.8203946767572883,0.8283390575900264,0.832436783740809,0.24057822079297286,0.8456835395304694,0.9034971659239879
0.8271423912992543,0.8135714777698615,0.8032340590835049,0.7927122119079754,0.33040504370455176,0.8353422162010335,0.899200915488481
0.7882240525802361,0.790990228636897,0.7848583331461764,0.7839908236401164,0.4123613352453667,0.8265921323115406,0.8949462583698271
0.7852659457024825,0.7747893925961487,0.7470490493489376,0.7390335287430928,0.39893053770079284,0.8131156418265046,0.8893914515364325
0.7390990529592508,0.74363666777213,0.7266139783676736,0.729963219006604,0.4674775225360753,0.8028890739797228,0.882538206668968
0.7154340601136714,0.7116323250056786,0.6836059197653511,0.7134320341503454,0.5202131109747854,0.7903862576251344,0.8740975114589233
0.7125776670166467,0.7309325237257709,0.6788347557608124,0.7450540725248384,0.19755649160098937,0.7842827419119878,0.8669766895500661
0.7461330157143656,0.7491656015090475,0.7511450745533869,0.7602123750356305,0.4411473372850427,0.7775320693987897,0.8599489213026359
0.7655413281835105,0.764390091186177,0.7434818714243142,0.7360626135454337,0.35781660890189626,0.766917461649739,0.8536436969127243
0.7354860085665605,0.7478258796783726,0.7375854302986496,0.7623392849170453,0.28149287090257613,0.7613498710820501,0.8479563892450097
0.7639832329380646,0.7602689255630484,0.7690143433684508,0.7717247229405563,0.2943903048963946,0.7549671497627937,0.8425486665558712
0.7710737033491398,0.7840307984961079,0.7721201192117922,0.7644212745936404,0.3441904400933093,0.7519928944606709,0.8377399954600679
0.7595122369396335,0.7837583361893832,0.7508861454306667,0.7900115047925188,0.3664168519437487,0.7526258548550531,0.8348519609394573
0.7895675565565833,0.7955655443002785,0.7979791028401227,0.8089959922110838,0.3352043388050312,0.7599810805093763,0.8322979711090441
0.808513057541057,0.7948389319533011,0.8022100184416602,0.7925659121583334,0.2223784106938415,0.7665625659499224,0.8292028179927566
0.7914644220906896,0.7776958419840578,0.753766920794955,0.7428484492569966,0.3024767215138928,0.7696551438885146,0.8239078725514921
0.7453991053046355,0.7455439039192027,0.7399259572599365,0.7313811589275473,0.2724266673960527,0.7682176964363367,0.8171322448124316
0.7279327266708143,0.740094519197575,0.7313851423722125,0.7431523131501495,0.3291859270171106,0.7664241546051256,0.8102910131166481
0.7424636014892662,0.7333507306383034,0.7362351526984706,0.736827905475251,0.24901825939833466,0.7665046105318642,0.8031569008187285
0.7368635549600354,0.7335551466619141,0.7354023212549422,0.7456505359172755,0.23188908382599455,0.7647501052057641,0.7972761994076887
0.7466072665537801,0.7570559214332904,0.7568276415973137,0.7566000762407147,0.2759941466769302,0.763160035561202,0.7917175347496628
0.7607993710835715,0.765150657381144,0.7696783557712245,0.7772500455040302,0.25760775702066635,0.7645087374255481,0.7873801202260948
0.7768431350227009,0.7639359411459243,0.7657736771280214,0.7566000762407147,0.23693161615017017,0.7609961596195329,0.7831649155148315
0.7544767156758027,0.7433187488852397,0.7554435727163978,0.7578717164120158,0.23092785720705056,0.7556214119866389,0.7789981665465973
0.763892958512079,0.7629368664922225,0.7632305398452427,0.7565100984604184,0.23388284757524724,0.7518308272537311,0.7763030965405195
0.7554589841246565,0.7588837471522076,0.753665684315674,0.7691701782040846,0.25898512443195804,0.7545980576573079,0.7738953271622813
0.7710624018179478,0.7636860685421478,0.7568051140768225,0.7494767208250482,0.24200150045130758,0.756500462668515,0.7718516223171992
0.7507507937947427,0.74820061929047,0.7429642879047339,0.7613827730327664,0.22988848208250134,0.758417049643473,0.7694494276787605
0.7603816279001175,0.7709747817148689,0.7643332894458773,0.782415456946319,0.2585777753464909,0.7632097157600857,0.7673684165702486
0.7818448895165068,0.7857110289166214,0.783755583545542,0.7930949265582125,0.2810171418747045,0.7681975932860909,0.7665223752140493
0.7899626966776531,0.7868463347236856,0.7935567033144094,0.7916657222434001,0.2623240193339403,0.7718840806720355,0.7649687973045625
0.7890708404783359,0.775288999216567,0.7836092920252783,0.7777790599039093,0.26563360854632057,0.7719396964993324,0.764399770788684
0.7731624192664094,0.7592924406122945,0.7411413444630274,0.7360851423331719,0.3133188498102945,0.7697829404233754,0.7625743287843814
0.7352037459338606,0.7264367570776795,0.7350873480568537,0.7368840900739398,0.28311835981916433,0.7675764897066166,0.7624924246025535
0.7342214774850068,0.7217820309861431,0.7208525650020271,0.7317188160023079,0.34559906690684306,0.7649701567145988,0.7625593214801503
0.732087555442969,0.7367225556243717,0.7352898210154156,0.7395398769845768,0.2987617369286856,0.7618550927092445,0.7635541586612771
0.7371795843627603,0.723110250084642,0.7163852477982612,0.7064998986891405,0.30323085459298305,0.7573368952495461,0.7620850550718727
0.7025516927902019,0.7015848963305868,0.6927656920148663,0.6941549472324965,0.3268658932569562,0.7502691648624256,0.7595679422760975
0.6931015453603494,0.6808882936417471,0.681771712563399,0.6716481387993117,0.2971528545695385,0.7386240829183317,0.7571134340699979
0.6719205463766601,0.7099975511653307,0.6837296837651233,0.724854266904318,0.3799746408099311,0.7314498722677316,0.7556850705743605
0.7246810556291686,0.7243137407619549,0.721381412281853,0.7114852172001799,0.31210266369181355,0.7230204134059763,0.7533896492152035
0.7067630292183172,0.7111669494075192,0.6924055264128653,0.7190362074709032,0.37648531003465885,0.7168447169852656,0.7516602550048777
0.7189455285491838,0.7109284409487842,0.6842472672847036,0.6882694388065237,0.38434118856062177,0.7118178029541493,0.747783382037235
0.6818674098847602,0.6723621359437237,0.6641273068644583,0.675282966381966,0.43603935558742274,0.7053416135397836,0.7426882583021817
0.675036736867552,0.7214527479542114,0.6868354596084648,0.7362089132950757,0.4021053207410041,0.7058136620806885,0.7405407795448653
0.7357908742616447,0.733680013670235,0.7107588621926325,0.6998379713101383,0.4043442754265932,0.7016397599527886,0.7389018688577114
0.7004516753417404,0.721373337526056,0.707157892987272,0.7348247665557398,0.481190631557148,0.7046175824087269,0.7390330872401525
0.7350231970818896,0.7543085700759611,0.7466214385483926,0.757747945450112,0.3203785904354044,0.7113031796381546,0.7395892525957604
0.7562266613044116,0.7517994500030973,0.7589093767988105,0.7612477376769936,0.2858095989809435,0.7207228775106245,0.7405197682720424
0.7600428576114572,0.7461001926776933,0.7535081290351647,0.747901216760594,0.27707161919796186,0.7231458270243212,0.7406055302785015
0.7463700722222973,0.7383461039068129,0.741411399983063,0.7306047399745178,0.2753386760861665,0.7251558820943884,0.7396149801507985
0.7313311797944059,0.7261415664808721,0.7271090343667627,0.7187436079716193,0.24105590353348466,0.7251251208084517,0.7373855972116541
0.7187987464672377,0.7189324023234411,0.7269516164491833,0.7271611323463251,0.2900950676570687,0.7292138445023351,0.73626382870151
0.7306424755094442,0.7662292810501357,0.7422553578239074,0.7805924109580572,0.34442097818484463,0.7402851345912409,0.7371295988786533
0.7798125434316466,0.775050490757832,0.7817976123438174,0.7776102313665288,0.3029358439843234,0.7446376976901843,0.7379336176892073
0.774991475613363,0.7724507346989062,0.7785680725007037,0.77961337028604,0.2638283780668404,0.7530245673349314,0.7383315546554567
0.7796883644120848,0.7784110901859937,0.7832378626630317,0.7808399528818647,0.2426305959214295,0.7578621911431498,0.7395266480060845
0.7840238798597617,0.7850298731498098,0.7902033994715235,0.7832481978686942,0.24699518995948,0.7605430588754116,0.7403598282020132
0.7800384362319371,0.7662065527600528,0.7807510441814814,0.7753708149170796,0.2328034213415754,0.7620278324937932,0.7400913927030364
0.7747770221678155,0.7641970393076076,0.7687668153689063,0.7629357483094824,0.2283264888267174,0.7636084282399638,0.7389421797226858
0.7633397347778711,0.7628914099120567,0.7689243706494154,0.7697553772026525,0.24097482445891927,0.7677243749498053,0.7381072878460859
0.7662865401244326,0.7523784670516709,0.7476566055875532,0.7385608363125594,0.244651711647644,0.7698077805228172,0.7366128806959382
0.7371795843627603,0.7270157741262531,0.7419740385436261,0.7334855400212238,0.22914216385397168,0.7704726719985169,0.7365138230659192
0.7366376621597447,0.7293771603135784,0.7399372210201821,0.7403614908837398,0.23072564794879707,0.7662431540433203,0.7366463291347367
0.7426216851024042,0.7609046247496942,0.7541945315955,0.7744366944498821,0.2970678680696928,0.7659095168472125,0.7382740903422911
0.7723721390242698,0.764435409179208,0.7769588657778049,0.7753933437048178,0.24368364703445955,0.7654658611176466,0.7396402837115421
0.7787286990256151,0.7954293131469161,0.7901808719510323,0.8032679105579653,0.2933567909097658,0.7678237353475728,0.7433276207604911
0.7998644918845358,0.7889920793294933,0.8017149624425711,0.8008372741540543,0.21503147431063246,0.7696728930060808,0.7473927419604511
0.7984081104198187,0.7846780004149299,0.7911260662711576,0.7870742454058101,0.2542356490038019,0.7709032866758763,0.7517910441585265
0.7893418015798438,0.7863127742552778,0.7938267588344453,0.7915644800692349,0.28175466839635355,0.7739130546550499,0.7543330312862535
0.7917353831921975,0.7974955087374338,0.7925326626725647,0.8015686355316073,0.3167310089362816,0.7772576151837938,0.7577656524540803
0.8000451785600581,0.7990736004397092,0.8025363927629242,0.8117192281142785,0.2610003790202522,0.7849488320669045,0.761297331251926
0.8114259582940421,0.8033764537963659,0.8187629383002121,0.8100650106633972,0.23324300668560466,0.7929997104828643,0.7659383413939402
0.8087727171113727,0.7966781218172598,0.810098222049786,0.8039543517306985,0.2535928775451991,0.7996852932703735,0.7708413538375474
0.8038161687423352,0.8052723257983971,0.8073413480481998,0.797933807948953,0.32134470133594867,0.8021555689502742,0.7731933758177885
0.7978886534556361,0.8115165077372504,0.8060134606055823,0.8246606429633597,0.3154728179960378,0.807335090731857,0.7779497333459313
0.8240714069331311,0.8258781539140403,0.832097444712966,0.8297922612240413,0.2670451659288145,0.8101236229648971,0.7815684618366123
0.8310488620322855,0.8174995915144205,0.8299819182307325,0.8225787906574217,0.21400772888720432,0.8124093309291776,0.7840388358045267
0.820051920888179,0.8245725245184894,0.8218011315820796,0.8346987289779967,0.2642191205948664,0.8174161418100481,0.7868376797228389
0.8334763482382154,0.8222679590563713,0.815117051416799,0.8057886621128293,0.27904389210817315,0.8189115446802842,0.789043476016408
0.8072824310530794,0.8027519801676266,0.8131252889343378,0.8115392725536862,0.25478757282463865,0.8199597679928936,0.7921274796530959
0.8079711353380411,0.7942940073398519,0.8071837927676907,0.800961045115958,0.22460955052887,0.8188287491627839,0.7952603682616055
0.8017613574186421,0.8046934473369582,0.8095355834892232,0.81817867114495,0.2101530538482278,0.8196817466240824,0.7987285840121912
0.8186971153806396,0.8072365212578112,0.8208559372619543,0.8175710807293007,0.2734494359631608,0.8211132873316838,0.8001376531501743
0.8201084285441395,0.8230057969612554,0.8314223059128766,0.8238954884041995,0.2696182054758658,0.8238426654674484,0.8019013490223852
0.8231681113790706,0.8277855286482474,0.8327951110335469,0.8406742151842655,0.2556599055184567,0.8255261887652015,0.8042280674418827
0.8407022992000445,0.8293975741985125,0.8412121619214986,0.8426773541037768,0.2562567647300164,0.8268808118160427,0.8065843764755474
0.8422716959766824,0.8457687338277475,0.8494042123303972,0.8441178228124581,0.2407618697811451,0.8291452323927779,0.8089038084745743
0.8413797019538142,0.8278876673664854,0.8352931932753428,0.8292295910132116,0.2574026171934527,0.8285702563002904,0.8109560926610009
0.8296037820987604,0.8217910807260358,0.8124726776547394,0.803695545413022,0.3222336405872078,0.8283502047914559,0.8125092413416957
0.8033758224964972,0.7990281438595437,0.8140704832544631,0.8077918010323405,0.26733138483059354,0.8279562292607736,0.8139586161101557
0.8049226162107509,0.7912285985084975,0.7954921469956425,0.7870631183825979,0.22439073471317544,0.8264951259464528,0.8158067915369469
0.7865981481476377,0.78577921378687,0.794760689394325,0.7976637372374075,0.23147098932100668,0.8243383698704958,0.8182522964074075
0.7985322894393806,0.7901501134266404,0.8004884488421645,0.803841845162664,0.2645258534793668,0.8228950012318235,0.820671210030748
0.8030032854378116,0.8072591109607594,0.8122250122922651,0.8121919205448119,0.26132176474955354,0.8216645931201099,0.8221098697828981
0.8118776060710723,0.8051474587900762,0.822903881182714,0.8145776367439034,0.2565537290513162,0.818921033020594,0.8236029840121724
0.8133002207657641,0.7996526174882828,0.8000721018018652,0.7980239230999063,0.24372662871254241,0.8142265719482864,0.8234031623059608
0.7983968088886267,0.7922731297423651,0.791441176832176,0.7889986709388942,0.31035409087889715,0.8084318388898879,0.8229520533144661
0.7869256169051061,0.7866647855772924,0.7932641202738825,0.7884921853267534,0.3047137224868417,0.8041490735819923,0.8230060837972955
0.7883030254750295,0.8046820831919168,0.7997231999601099,0.8187076855448291,0.30590060291572074,0.8057273152954834,0.8240403733858119
0.8137970746675628,0.8001522241087011,0.779940877621374,0.7699016769522945,0.3470135548582972,0.8017438876277805,0.8228337065612903
0.7695043065725019,0.7667401132284608,0.7694982729702241,0.7711169951542501,0.3111541362050304,0.8000674553119029,0.8212865618491876
0.7674155906552326,0.7624372598718041,0.7705561048928057,0.7673807880267735,0.3336706743825291,0.7968837777527995,0.8196600830935119
0.7652816686131946,0.7513680282529276,0.7524502971125832,0.741554280297957,0.3478262993165913,0.7903354220727881,0.8172823335582327
0.7412216734700966,0.7467587587415567,0.7477467156695182,0.7464832768396507,0.3433581585086139,0.7834274048599279,0.8153218153468571
0.7480298812484719,0.7547058993910065,0.7594720153593734,0.7691701782040846,0.2794893385901228,0.7786536720981805,0.813207355799547
0.7672688085732865,0.7600076888142304,0.7711298698506844,0.7692939491659884,0.24300570874833444,0.7756332604252345,0.8109020726471667
0.769368826021748,0.7621534334200382,0.7694083002511888,0.7589296078411171,0.25228779750159225,0.7724720689328934,0.808476725826442
0.7568137896321959,0.7428532346999457,0.750121033911542,0.7441651470037743,0.32766300801412923,0.7678119218584196,0.8050269512104242
0.7424749030204582,0.7406621721011071,0.7468577027876914,0.7498142405291518,0.3509219569948773,0.7605690832121526,0.8028940505285462
0.7471378872256037,0.7331237249117442,0.728808213808697,0.7217933739263626,0.40105715390957436,0.7555114078950993,0.79947429052099
0.7231455634461069,0.7135510638849272,0.7297648092519978,0.7218720873127896,0.2898391313012117,0.7503342401461963,0.796460612357738
0.720277730994339,0.7160941378057804,0.7175105249193868,0.7176971183070441,0.3405067149103441,0.7451109449103062,0.7926317711388302
0.717240651221792,0.7270044099812119,0.7288983238906622,0.7263396558178191,0.35228662527400817,0.7435114158092704,0.7891554052756924
0.7192164896506917,0.7050476344769867,0.6935758585749735,0.6826540010920966,0.3919118250411256,0.7368009784804008,0.7837734101415921
0.6823077561305982,0.674575926832645,0.6810289912018356,0.677286105301477,0.48734873379883786,0.727141111506932,0.777547519795253
0.676052909909982,0.6755524117833989,0.6842472672847036,0.6791091512897388,0.37247726855343205,0.7176598910625884,0.771314767022738
0.6745059783721771,0.6698758827480775,0.6682909146303814,0.6846346112238696,0.4519894655814444,0.7098491817476278,0.7652376725013261
0.6848142152313216,0.6776640639540823,0.669224845190261,0.6583128822767813,0.396289118211337,0.7008234449639219,0.7587249055214427
0.6590041366360634,0.6541745147406126,0.6585347125395665,0.6598658575534974,0.1981338136861478,0.6913670790609385,0.7532442872206131
0.658936465272462,0.6569786868231491,0.6457853722078667,0.64794854095191,0.3952468125178276,0.6836036959121818,0.7471534730813467
0.6464491002465113,0.6572285594269256,0.6482158718881889,0.6720194516850228,0.47033678098490556,0.6783626371168072,0.7427697437242122
0.6707688927834762,0.660850118429636,0.6501625793296676,0.639373315063036,0.38700019146383874,0.6701283752225267,0.7367381003442852
0.6390086958391347,0.6384732853202826,0.641374236442399,0.6491638591538654,0.45141702777788634,0.6620148044393128,0.730844108544183
0.6428587967397564,0.6380418635701126,0.6285347860287339,0.6335215998186706,0.5395070001523896,0.6568494646214813,0.7240358908239082
0.634898935368197,0.633761738503539,0.6281522302691717,0.6209291064382193,0.4117986660050093,0.6509245954374603,0.7166569296725871
0.6182115354453231,0.6120206045808314,0.6005040944798715,0.6058607817077234,0.6002127593065101,0.6432239190978757,0.70933456914235
0.6044597771613697,0.6247020203371076,0.6128259613739563,0.6401273425989841,0.5391582624461264,0.6385448242266183,0.7036618395500742
0.640205555557087,0.6437638491855997,0.6466967752472549,0.6569623913483961,0.6003661257487602,0.6384028457280062,0.6986499076832249
0.6536524481459564,0.6436729360252684,0.6583097120605134,0.6573676347863714,0.4331351617478694,0.6381402050021634,0.6925020584595847
0.6577170024921254,0.6499284821091631,0.6626869191823143,0.656602342856554,0.3332379270327403,0.6390499880861396,0.6881847967512551
0.6523653140020184,0.6609183032998844,0.6549562708546975,0.675733130024761,0.48461060553369567,0.639440410904925,0.6845502024987591
0.6769673691716832,0.6765287581470179,0.6855976822478124,0.6815735808752571,0.5359541737163132,0.6438769682005856,0.6812805260025061
0.6818787114159522,0.6675029938285764,0.6579382826982668,0.6482073472695865,0.47950653126135595,0.6437764091236009,0.6777235488784141
0.6483346642494253,0.6448082418323327,0.6582421294990394,0.6540815913016901,0.33733290872645283,0.6459379021487539,0.6742025903313758
0.6531331290053247,0.6412433649676947,0.6386848076393569,0.6277598623546018,0.2992745864967197,0.6466560265352341,0.6688141619998917
0.6289940231438821,0.6447741493972083,0.640946625641854,0.6602033772576009,0.40978438827303526,0.6523691194295951,0.6646572748248809
0.6607655216194158,0.6687631666439615,0.6726119403138838,0.6839031124756597,0.4309909621253268,0.6569713110860107,0.6617983964551479
0.6797899954986829,0.6694444609979078,0.6742435371943444,0.6649073606632255,0.40312320502651183,0.6578065738716612,0.6587782850945121
0.6662978967850451,0.6530846655137141,0.6613816966231177,0.6569512643251839,0.3385354188564529,0.6577628004173541,0.6552397491049877
0.6480637031479174,0.6416975150079474,0.6534033829330269,0.6442348626121718,0.3265601372287758,0.6564625945145925,0.6522843884779885
0.649870156432487,0.6693876402727006,0.6615279881433814,0.6846008180422621,0.0,0.6573948636653308,0.6508641698604059
0.6827481023764365,0.6770964110505502,0.6855300996863386,0.6894509638268717,0.35695404477127884,0.6582230210271873,0.6497878524917462
0.6855933317658202,0.6712381942817007,0.6723531485540938,0.6634330987729365,0.4005179292208984,0.6598237199236041,0.647390803364315
0.6627639631106995,0.6841125233294119,0.6698999839903504,0.6974746465281284,0.36607690594436604,0.664385676395691,0.6479555428267696
0.6945241600550413,0.7014827576123488,0.7028706585845067,0.7076027103230614,0.3758943119610195,0.672779637022314,0.6491107545412149
0.7062324085464936,0.6919916176957477,0.6963777876175422,0.6899011274696668,0.3411162732540647,0.6759017920095436,0.6495219818965272
0.6879982149093659,0.6797757161247655,0.6842472672847036,0.6856698364945756,0.34857066383248086,0.6760875295205446,0.6495614290694198
0.6806254818655907,0.6866783255403477,0.6864752940064639,0.6936598633848817,0.277885340512576,0.6791103096680888,0.6509083228465191
0.6938805240712967,0.6888808908713624,0.7021166734626977,0.6995902920156739,0.2757186731946718,0.6835929944507362,0.6524220191198236
0.6987241949519644,0.6868031925486686,0.6838534477648958,0.6775336472252845,0.25495754582432995,0.6870937298837618,0.6535493571352702
0.6744609100709599,0.6600440956545033,0.6710252611114763,0.664130804339539,0.28723971663351866,0.6849416963150825,0.6532487608838713
0.6639493834739089,0.6593174833075262,0.6688310256704529,0.6729648365460895,0.32585191639672867,0.6832084928184456,0.6545287630178711
0.668160719902024,0.6654367982380587,0.6733995793535,0.6765433421593979,0.2748170348112518,0.6845867861733479,0.6555720559420268
0.6755221514146071,0.6787084566008152,0.6873192518473082,0.6928382494857187,0.24633971936871635,0.6840993569894747,0.6578323119472171
0.6900643277642512,0.6757339609297921,0.6730057598336919,0.6642996328769194,0.2150344048795927,0.679546859973861,0.6594849422522255
0.6635994494776075,0.6589087898474391,0.6711377613510029,0.6695550220995045,0.2313449748557183,0.6774078530154704,0.6619120059881183
0.6684092157646989,0.6695806921512701,0.6788122282403212,0.680977254853477,0.2227525466644264,0.6769145170870206,0.66346858849915
0.6825223473996967,0.6873255274591699,0.6942960524160456,0.7023812516527407,0.2573987097681724,0.6778314055947905,0.6651992703958522
0.6968612340114345,0.6838173327326043,0.6931144564936916,0.682293815229598,0.20209301235137128,0.676013009222219,0.6661490804297887
0.6870836178241134,0.6900048325333854,0.681253991680889,0.676385778015887,0.3481760138791746,0.6758923325530701,0.6669029265821451
0.6744157039461914,0.6645284981575534,0.6738159263937994,0.6734599203937043,0.37488521938239233,0.6768731121073115,0.6668163061181016
0.6689850425612908,0.6545378902076686,0.6369518369166857,0.6305281558332733,0.39007728887204357,0.6724117002702905,0.6648712244397492
0.625414883344768,0.6240434542732443,0.6193975412997103,0.6366951367353176,0.3709875626653329,0.6682224174994227,0.6644325526142305
0.6438071605950338,0.6575123858786915,0.6530320909337101,0.6653687886998897,0.5990112260328302,0.6653345248686151,0.6648626503329023
0.6646719923524468,0.6509730133430307,0.6275895917086086,0.6166640222815206,0.6018724381943006,0.6603265441923638,0.6644398442691988
0.6189680489174373,0.6228628304731489,0.6243149968245124,0.6251378686255723,0.5200910039347773,0.6556569232194982,0.663103675977404
0.6207068308384055,0.6297654398887311,0.612994780414711,0.6442799201876482,0.5519179596988155,0.6517988947282216,0.6615938375287311
0.6397200031864806,0.6355668359323734,0.63805472388025,0.6472619624085197,0.49369829987926056,0.6460041472279048,0.660921461094913
0.645410461965248,0.6308326994126816,0.5917944605513926,0.580866877530625,0.6896800990923051,0.6353410290753507,0.6580222718602053
0.5747206247706961,0.5898707771980369,0.565440558286903,0.6043865198174344,0.8049804042622195,0.627771673098688,0.656503854070188
0.5995935032183178,0.5847619010662479,0.550361817391232,0.5400058382529199,0.8022491139913177,0.6137415083506277,0.6509940743839833
0.5394602609220341,0.5856702011467532,0.5251781099259208,0.5964078946916543,0.8658248770137893,0.610154410246287,0.6474486759682831
0.6027209952404015,0.6469539864381402,0.6147614050551894,0.6510656185285543,0.797882566240627,0.6116651937594912,0.6469774141615501
0.6504346816978869,0.6358847548192637,0.6063218266467464,0.5970605426827803,0.40528010378121543,0.6044838776850974,0.6431511430808972
0.5965112173210024,0.5970346233624371,0.5854480184676217,0.5758253744208969,0.38746224450322947,0.6001904686834294,0.638129778649617
0.5752625469737119,0.5700824745897024,0.5772672318189688,0.5731808519041289,0.35177084513701384,0.5947281741419215,0.6336821622509277
0.5742237708688976,0.5957630864020105,0.5863594215070101,0.5994126030709211,0.4550519101448482,0.5900112270028517,0.630395337540981
0.5929659821154648,0.590926672576946,0.5859881295076933,0.6040152069317234,0.4067922773646761,0.5854646511737331,0.626979435358056
0.5981595869924338,0.5833200405173347,0.49470565493649066,0.48377261035156593,0.5944903349835693,0.5752570311237348,0.6187557205369119
0.4905724556325316,0.536727184434669,0.5029876780644243,0.5512254492879048,0.36323132348401665,0.5696681531685013,0.6139427571531875
0.5474653284183618,0.5355918786276048,0.5333588965745738,0.5452612274755052,0.44572195543190724,0.5702206576361448,0.609413241807168
0.543479746966986,0.5283372578900081,0.500343304302365,0.49261776958132864,0.494907648003501,0.5593090951634174,0.6025411318108409
0.4921305508779773,0.5205943946770344,0.4853883274064664,0.4756813412870943,0.53695935886966,0.5408707659310354,0.5948873019631591
0.47225928910061044,0.4567222174717631,0.3839220399439037,0.4280344662978265,0.6580797739945217,0.5231008808862496,0.5847969758151534
0.427142336169834,0.4287369016102023,0.370711297530922,0.35977127785619356,0.5714511786748357,0.500386891769766,0.5731929481593454
0.3495878524527217,0.3698712539377802,0.3422867864622513,0.34706620922237896,0.7323511368653852,0.47661522710515847,0.5609045387497844
0.3490346287185139,0.35192207189983704,0.27276720163346513,0.26264314881019846,0.5470092566904889,0.44121030842752784,0.5449639524107441
0.25181210405016563,0.27371083822072406,0.19468420571499845,0.25060199256137883,1.0,0.4040556141520344,0.5277489412947522
0.263599394348187,0.3538293773404768,0.27677318543741414,0.3677836961635811,0.5904178209852182,0.39186158045219366,0.5157645593496782
0.3733656538748954,0.3962671832455915,0.3435246325043687,0.36177441677570454,0.678200083618901,0.3719443987879245,0.5037763195799729
0.35601215272944386,0.3398310373371758,0.2669157468673181,0.2603024901865837,0.5199825728832501,0.3419863940088337,0.4880329900433864
0.25996388471666376,0.28659660070704374,0.22397520214500455,0.30372933859462947,0.6608618607940668,0.322128359220881,0.47558034827587536
0.29695152221977505,0.32852343584669885,0.2835135844039228,0.297112331420447,0.5238362710659066,0.30335521577605107,0.46264057370531897
0.2983289997014743,0.32938627934703835,0.31138672067227613,0.3475838905430605,0.3864765964762839,0.2948973641029571,0.45053140657518775
0.33997969032150654,0.32943166663363677,0.3214691597214253,0.3134297675345058,0.38122013261801396,0.29002543351786403,0.43897669050274457
0.3075420217116197,0.2910923673551351,0.23520544583577063,0.2478562278704458,0.48146024390148595,0.27959538626347413,0.4246004049412473
0.24816529288745037,0.2583501866837996,0.21565938773633375,0.26060628539440833,0.5832408576017005,0.2793812487201752,0.409980552978227
0.24380710546561357,0.2282304903614727,0.20936905840939635,0.22533815504339194,0.5207367059623402,0.27672523552927375,0.39390318136869173
0.22016485350596926,0.2253695668472966,0.20250489544311534,0.1939973830889853,0.42383255901189026,0.2584549019112854,0.3791615514394078
0.19153207967193586,0.27842238503746763,0.20083950728191802,0.2970673425302989,0.5741609781066961,0.2516521807246057,0.36745117973311037
0.29381279757827483,0.3118684497656976,0.2874745818483543,0.28534131456850165,0.5722902982537716,0.25428453805336426,0.3577472092257137
0.29366601549632876,0.3042164997130554,0.2944963000951445,0.31234948468832313,0.484180788752867,0.25519078286736185,0.34692318712334136
0.30916785723244244,0.32822824524989125,0.31260203919390206,0.32884694504830303,0.5055270530589278,0.2585270753978903,0.33464507135304444
0.3267358807352171,0.3182262038613979,0.3286147106494527,0.32608984727817225,0.3197221429883207,0.2562673845493917,0.3243197555276116
0.32971659067535464,0.35448787411077287,0.34266941090327874,0.3704845406496945,0.42121849149939633,0.26226561145731675,0.3164952601245956
0.3641865364583262,0.3480507095869174,0.31853220291883855,0.31086402708949346,0.4109956901099158,0.2688896861148711,0.3064996993186879
0.3083662754591109,0.29192118771391784,0.26212205534228816,0.25697145781175423,0.4769911262371885,0.2685075529571783,0.29345100794213796
0.2576041387861109,0.26814788134224954,0.27019034175141454,0.2863540797367977,0.3626413022666974,0.2749222197996706,0.2813465570942224
0.2906966070873832,0.2914102862420256,0.27083168927076706,0.2730976052860229,0.327509641571879,0.283238107416071,0.27331880353740945
0.2685672442484165,0.2519016580149027,0.24543424508664824,0.2502981973535544,0.36915693392153104,0.2783212191393718,0.26185199561538575
0.24174099261072823,0.22492678095208518,0.2067021571268456,0.1978010392090198,0.44396849833739055,0.26911802006383945,0.24861205402222275
0.19628540721484244,0.24720147534320058,0.1709296221715857,0.2641848596930453,0.6476371799330267,0.2640544235602913,0.23990763697816808
0.2541266438559501,0.2515951032730539,0.22853256074927086,0.22142192366999447,0.45538306443735027,0.2527607207089122,0.23021910300379456
0.218979295319209,0.21232484491753167,0.2050142414451569,0.19605677529251364,0.3622359068938704,0.2390902102727417,0.2213796123699161
0.19539348210374974,0.19371723540285957,0.18010065818134646,0.20547586912697513,0.5333791804566217,0.22174267912805878,0.21550019864525272
0.2029468329112717,0.19220725927726534,0.15685239439726828,0.1463505080997174,0.5205950617959307,0.2044472038778169,0.2078519435373707
0.14292646810335774,0.14219705233479818,0.09113625173240414,0.0854245611866078,0.7692186712409592,0.18641230241163131,0.2010990439863014
0.08644010588156492,0.12026293582708869,0.08352936740455974,0.13897954207491514,0.8085039250086941,0.17091866587465265,0.1968456797885214
0.13765382141981963,0.19337658822588644,0.15124853631213087,0.19724963339205925,0.6505990082954638,0.1629446906735348,0.19034749350132563
0.1965902729099266,0.19716854011065077,0.18927162550964227,0.20352905217680983,0.5600698256897583,0.15802780239683567,0.18431756703656665
0.19602574764452663,0.2184441598480642,0.19645089903694168,0.23761558882214961,0.44680919651613954,0.16221354689772505,0.18345308454579956
0.23440216416052928,0.22817373892983284,0.24128196976243566,0.24724850008413946,0.14863357337949307,0.16043301001392496,0.1813008868890187
0.23634409799585254,0.21949998593340592,0.16755379080820842,0.15718754185512207,0.47208535379782196,0.15367998346804734,0.17596906441311622
0.15655411627952498,0.17627888554324145,0.17008566433074135,0.19387361212708165,0.48362105008146977,0.15345046528178008,0.1701119470304031
0.1855255225786676,0.2019141100689512,0.18095581110097148,0.21855231933182917,0.4886792121067664,0.15482520592478544,0.16649664975280998
0.21505022152379372,0.204729646296529,0.1877074738277259,0.18983360979178043,0.4533668329927361,0.1593966290743053,0.16428570271373588
0.18646265381452864,0.20906652279474258,0.1706145116105673,0.2245504030111648,0.48315899704207904,0.17402307174431608,0.16291179631247088
0.22968274121119892,0.2535137728587351,0.24296988544412423,0.26239560688639096,0.5210834899559633,0.1869979294188504,0.1643238674347498
0.2565202254683038,0.2508912192161594,0.2459743561267198,0.23872966484993963,0.43702598047068847,0.19135876773696836,0.1660283873131243
0.24036351512902898,0.24182013690468684,0.24605313376697435,0.2506245213491173,0.4613516565529476,0.19630996279054203,0.1642586874723213
0.24734103913995897,0.23768760713651682,0.22723846458739028,0.221759580744755,0.4195138772208828,0.19464300437305626,0.16183591078985193
0.21735345979838627,0.21340339929295604,0.20768114272770777,0.22866911873289308,0.46305724768778106,0.19268973492566666,0.15864727740059403
0.22783108180186107,0.21498149099523167,0.21484915249476155,0.21611034984872057,0.36759884809102733,0.19888435025932405,0.15435145881112766
0.21705996454626975,0.24907468834871627,0.23038929547171427,0.26631176957446,0.4679600895581874,0.2064998481648923,0.1520736201289541
0.25841702209063444,0.25383162245205826,0.2578572797785489,0.2564537764910727,0.45795708084072156,0.21048446729085302,0.14772848733887467
0.2559557002029039,0.24494222787411357,0.2370396530377228,0.23491481302136452,0.43525689367505066,0.21522390049668494,0.14483444884967245
0.23448120596709832,0.23864122521005293,0.24331871860441467,0.2378406706435472,0.5359033771876698,0.2166211199854935,0.14410547179477007
0.23475216706860602,0.21809221781961696,0.2141402910954,0.21955388879158466,0.35660530706501564,0.2121171261524235,0.1415600560712038
0.22019868918776997,0.21022455689188968,0.21752731753755794,0.21002221970376023,0.2767101823595378,0.2090990829540753,0.1391565737463889
0.2084113988897487,0.19813352232922843,0.21903521909971102,0.21563772610351561,0.031966646217807704,0.20542088522922342,0.1378358393703687
0.2147792604222859,0.2026179941258457,0.22475164610583998,0.22087051785303402,0.06454480449197611,0.2053274171341144,0.13871489993657415
0.21800832840154727,0.20257260683924738,0.21411776357490875,0.2170668617329995,0.2055422920175209,0.2041076599371323,0.136919472540733
0.21598735275965475,0.22234961459610791,0.2293202684703518,0.24094662119697918,0.23527486783133988,0.206718722657387,0.1376634595171149
0.2385796649068438,0.24414749995045515,0.2508017702510218,0.25513714742962323,0.28852721326336433,0.2055439231520111,0.13991471218666618
0.25257985014169637,0.2718602842117239,0.2616944445417432,0.2872656027309287,0.27634874552111377,0.20878320209649281,0.1430313031873196
0.2821383847686233,0.2740173929625731,0.2844025972857497,0.2823703993708423,0.40975215201447307,0.21377225663883803,0.14821432983829497
0.2843964858302229,0.28221426762866453,0.2931234949744742,0.2905291174278718,0.4076724249090547,0.21931144717422857,0.15602982190567194
0.2801964509332998,0.2635952939689512,0.2650928034256118,0.258963332337396,0.3404959694908234,0.22345460245810989,0.16060179426062615
0.255673437570204,0.24378419377696647,0.2588362653794113,0.2624293313826701,0.36849364848020694,0.22896421594486283,0.1630854612348518
0.26039286051953414,0.2459753256693724,0.24927140984984242,0.24062022851608778,0.34162521539681856,0.23159065208712648,0.1644988174262585
0.23836514254952068,0.22153222767593395,0.22227602270307034,0.21801217790873784,0.3424604275504741,0.23129015187251234,0.16375183108282942
0.21509535873678653,0.20634183043392873,0.21968789906077413,0.21973391303750567,0.42475178080907144,0.23157054171592129,0.16270339003041734
0.21226149979037046,0.19528396296009365,0.19145466587188475,0.18690775216959787,0.4091631076534739,0.22588937990287783,0.16383587617412032
0.1837077677629061,0.17747101207551275,0.16907288744914228,0.18816812794702986,0.6435568510841152,0.21884885808979715,0.16361846917367662
0.18648525687691286,0.18489588710802884,0.18439915634435766,0.1953478053320421,0.5437895382595546,0.20918544562539054,0.16273426309646322
0.19234503188823504,0.17525715189302404,0.15492814579481595,0.14481999292541115,0.5036593037749635,0.1947246300951757,0.16101902296728143
0.14394264114578792,0.16626548000970665,0.15473686791503471,0.18422943647122259,0.5127049932987655,0.18354923543834745,0.15948259588873714
0.18116740406860643,0.16401759668566096,0.16260254400266927,0.16989261048893656,0.45174915892670836,0.17418513895125587,0.1559577768998186
0.16131867644184805,0.16273469558019293,0.15672863039749607,0.1749003891023858,0.45060916760119246,0.1649831313339818,0.15352556765291814
0.1729930892514996,0.1785382023058959,0.1810571162617174,0.1800994563556252,0.4709062882195035,0.15862052038593033,0.1508382159133521
0.17841251801698377,0.1761767468250034,0.18973302759092414,0.19038508429406942,0.40382751843327874,0.15571605565389612,0.14964269333393254
0.1879304057222133,0.20729544850746506,0.20135709080149833,0.22232225095558467,0.4864617482602189,0.15598817027813072,0.14940084646482688
0.21407925460613197,0.19711178867901102,0.1995792024007743,0.18974363201148414,0.3758698905530179,0.15628630923910614,0.1483961448732285
0.1878852685092206,0.17755042250366804,0.1742829260144716,0.16806956450067478,0.4035657209395013,0.1541733266174562,0.14465263381473892
0.16236875407785434,0.15384530100224825,0.16438050108485813,0.1675744119677316,0.43508789753167937,0.15125348124245386,0.14126589301718884
0.16530425789322367,0.1672645546634085,0.17463175917476204,0.18228261952105718,0.45589884457434465,0.15519196566046878,0.13926034765862338
0.17894320760058302,0.1777661333787529,0.18273376818316034,0.17521544870407957,0.5080766480542975,0.15424431586676224,0.13687401878199967
0.1721463013533997,0.17629024968828289,0.17230242729225598,0.19054257975225197,0.5279634890181812,0.15641526834838848,0.13576854526246263
0.1883369162862507,0.19922344084969434,0.2010082576412079,0.2161440743449995,0.5142943385315113,0.16075125934610546,0.1360018180247211
0.21334534419640194,0.20405985467475884,0.21927155202047477,0.21759580744755014,0.42542678852623633,0.16469328925505833,0.13607643055158092
0.21179855048214813,0.19615810131190736,0.17576830005613342,0.1695099645240279,0.5422392672796115,0.16249866646937083,0.13411934093604483
0.16724619172854716,0.16229190968498175,0.174991856095298,0.1769147237304376,0.4598209226994056,0.15772492648666436,0.13258934705488445
0.17006881805554674,0.15918118286059646,0.15896792087950185,0.17854648107890914,0.5135480203029816,0.15654775850669067,0.13021159490235634
0.17463022630351455,0.16366565465721372,0.1782664509793943,0.169149916032186,0.3982975348053907,0.15666133697300488,0.12693505859717624
0.15731056083986372,0.14002857943890779,0.13771141957788513,0.1267582928948462,0.4580000625188045,0.15237029644593492,0.12081894089716605
0.1262052324986831,0.11455231435664315,0.12787650852828059,0.1259142875786018,0.4416758165541979,0.14644423580365573,0.11485719376188275
0.12264869576195336,0.11615313434900143,0.12405060752533192,0.11524608236057743,0.4422843980415984,0.1401395947155809,0.10817804828008892
0.10905495217936256,0.09470719102310143,0.0984167617389845,0.10524178952754792,0.682947605334417,0.1311718350128105,0.10232050166858375
0.10609684530160901,0.09375350365599788,0.08504846404549349,0.07517272642977102,0.5167560164580753,0.11635137239166504,0.09518510430153637
0.07385116489843646,0.09107419858178234,0.08765911520828107,0.10871912165201958,0.5875966599328704,0.10490505456886046,0.09015902358804051
0.10315003995504757,0.09633067001197526,0.09688640133780502,0.09944632756720007,0.6119350351472903,0.09753919244172393,0.08564108171591522
0.09764026785180224,0.09553594208831684,0.09560356893617017,0.08586346043553372,0.6232988047186068,0.08796687959782845,0.08053995924676749
0.07976737865394357,0.06357712519559844,0.07621506611724249,0.0658999323449515,0.7528797724315517,0.07612423221166176,0.07592896633046364
0.056779926385684965,0.03894097532359053,0.037032908517868446,0.027334494115384467,0.6495098134985913,0.06121503122364391,0.06980041408172677
0.028406881033742892,0.018618973659713434,0.02870583034895202,0.022281726611787067,0.6216635472388179,0.050231302485270746,0.06320574553726432
0.02181319561269046,0.03275354481637682,0.03579506247575115,0.04089483245931258,0.6304933515158857,0.04129311983113815,0.05924568593591517
0.032731163862003365,0.014758975491835358,0.012535603612892299,0.006774502632365231,0.6142413929189638,0.029889391225341733,0.05248378043195823
0.005374222640715853,0.00433687649821346,0.0,0.007708554414234348,0.5971053793523833,0.019635622025479416,0.04630377045589573
0.0016709727338156677,0.0,0.006852967887500339,0.0,0.591780535551709,0.011732636073667702,0.03963920566678936
0.0,0.02762194039450483,0.014054768935291007,0.048468351517774066,0.7227779449287481,0.005398410715995894,0.03462341335806007
0.04551202414007072,0.04160891625276464,0.05295553857291868,0.05044896164954682,0.5928052578314571,0.0002472673038336204,0.029291159036116676
0.046979776047755384,0.06512112446274965,0.053979579214763485,0.0835114687327213,0.5965974140659496,0.0,0.024001785717402968
0.08207061692853601,0.07154692484156366,0.0851497692062394,0.09004969383514838,0.5438921081731614,0.002538889233649533,0.020202956489707935
0.08982725747396447,0.08998434935488375,0.0974265123778767,0.08705631853507934,0.6509995193866904,0.008817505984983764,0.017115953485972724
0.08422714203295811,0.09406005839784681,0.09355555633394552,0.11432329497257743,0.48232183117578326,0.018493930617760723,0.015086824099080798
0.10921303579250063,0.12235185970768925,0.11123368463215821,0.13258754803680162,0.7696787705677097,0.028133679999065353,0.013193197530804723
0.13395050260114394,0.12257893472781556,0.12944066021019685,0.12098529103690803,0.7633702324527298,0.04014077750868794,0.011126761880483005
0.11888900711086836,0.10630998311038586,0.11186383707273007,0.10354251450119001,0.6275725511188912,0.0502159001794249,0.0078116316254966955
0.10503553504618612,0.1454326461675044,0.1187392637992567,0.16473853212584522,0.6346108009049596,0.06753503129180982,0.005852827712040876
0.15955736037027124,0.14575056505439477,0.15606468667618734,0.14583282677903586,0.5420253357455171,0.07777105859506506,0.003118305298573043
0.14398777835878063,0.14930407777399124,0.14018704298065476,0.15456547944076404,0.6318179686858938,0.08871693506562595,0.0025488469366540256
0.15217339470707947,0.1563429183429358,0.16571958360625627,0.17592441866455122,0.56400264923434,0.09843240342447346,0.002511111444432168
0.1686801079544311,0.15146111723127298,0.16501065352542987,0.1568836779619689,0.4279509852572844,0.10545872883188456,0.0016856521322634599
0.1465394435842724,0.12919778698519901,0.12717884220769982,0.12491278680417472,0.45847286097771595,0.10943861822960887,0.0
0.1260020116725522,0.13079853768398997,0.13963566818033746,0.13654876830034723,0.47570851388894314,0.11177520507199024,0.00037306525154667813
0.129061763419259,0.13436341454862788,0.13112857589188553,0.1514145399971839,0.47033971155386584,0.11375450607707982,0.0013447502503874942
0.15270408429067872,0.17068183622964272,0.16624849956754717,0.17763495808477836,0.6177150939931151,0.11971014376799671,0.0037220731741234303
0.17596249766044525,0.167151051800129,0.17994310290083726,0.186772716813825,0.45290282624070516,0.12846022043653038,0.006828802381553811
0.18117870559979854,0.1640289608307024,0.1755432308956153,0.17887280507447212,0.4875187067985292,0.12994617107125195,0.010780285258807254
0.17482214559845333,0.15763718359344514,0.16624849956754717,0.15644477871304296,0.38451702269823346,0.13106181647935233,0.012598867454182816
0.15522184492259417,0.1511659266344655,0.1665973327278376,0.16725928368070941,0.4609931502834837,0.13239632915898836,0.015182874510306421
0.16936881223939293,0.18351077799075544,0.18285753218293255,0.2025950003949406,0.6233710920862916,0.13520023481403765,0.019630920137787666
0.19876933216495718,0.19191206868045785,0.20092948000095334,0.2050369698780492,0.5094872285804715,0.14026263985932774,0.024932725387979637
0.20051934670534188,0.18347675484919845,0.19519059415579798,0.18564737639216577,0.6203555366262508,0.14664772965318207,0.03096522460824236
0.18082870269172158,0.1789922830525812,0.189935569230951,0.1975309684974741,0.49055672995393146,0.15305885100473648,0.03764308240366021
0.19787733814208897,0.19876929080944172,0.20283120108291441,0.2124304646905898,0.5254861813904963,0.15947351784722874,0.04417943341186992
0.20989045232862547,0.20476373873165332,0.21839380289889354,0.21726941476665873,0.5990766754062744,0.16364032899325287,0.05220032454250667
0.21337924878997816,0.19640790462211655,0.18634593246730125,0.175395541635329,0.5621466222262164,0.16244423487937298,0.0585900232525014
0.17158177608799985,0.1757680533649164,0.18008939442110083,0.19530281644189396,0.6073291575981838,0.16417153885239233,0.0660320208395393
0.18965788611198942,0.1890397810212403,0.19555069107633405,0.1879543105195015,0.5967175673933174,0.16748416829981894,0.07134712171329127
0.18667717617185164,0.1789241674759,0.18978927771068743,0.197373404353963,0.522011503460025,0.170650096741356,0.07694566539025094
0.19716603079474304,0.20041549808839831,0.21056184941053102,0.21347702304049343,0.5758694998104898,0.171794134960795,0.08189799203447157
0.20722590961476395,0.19704367310232984,0.2113946121725946,0.20366408753258258,0.42924531988137055,0.17164980242950323,0.08622725906273598
0.19780959786671204,0.19210505126545985,0.2029212424834147,0.20101949633048632,0.4990456113752964,0.1732658891898473,0.09056981648006301
0.20048544211176555,0.21206374675584838,0.21387016689389926,0.22181583402877225,0.4769315380016645,0.17581898205012525,0.09466581074606872
0.22277295747564596,0.2196021939452113,0.22699093658784575,0.22088178224690314,0.551262489108052,0.17670747774655648,0.09803025520166853
0.21842607158500116,0.210269944178488,0.22427898026431237,0.22618216035963634,0.3998136158141316,0.17764448384649056,0.10203877316329568
0.2257310643533995,0.24134325857435135,0.23903141552018414,0.2596272447223912,0.5684844660307984,0.18649984932024566,0.1079863688346836
0.2560911807536578,0.24117300427943222,0.259432695220711,0.2557560709244703,0.5532474611504241,0.19285536206546228,0.11145458458526902
0.2536637634595035,0.2554551707344994,0.26687076050780056,0.2734577224631932,0.7165954212790566,0.20184442359769594,0.11631772062719126
0.27131082876884716,0.26601350088148346,0.2639562625442403,0.2597960732597714,0.7717936645006505,0.208406982904336,0.12032752365794575
0.2593993594512639,0.2666832925032536,0.2725871875139295,0.28437346960502496,0.6783260980841894,0.21586039916104593,0.12445996572979734
0.2751608607576933,0.2585318051237604,0.27219329931265646,0.26187792556570944,0.48171618025734303,0.22198047975445978,0.12846076280766416
0.26108163371627147,0.25010785543754244,0.2584424458596032,0.26087635610595405,0.5521621737788318,0.22827329291146325,0.1336416433146792
0.25530090051151844,0.23856181478189775,0.2430711219234052,0.2333842978470584,0.5736598508145028,0.22948949739654823,0.13733155311913192
0.2314101526891994,0.23056921755228243,0.24275608004385174,0.24368119017937173,0.4801795852658807,0.23188642257350378,0.14084736615516258
0.2410296852633823,0.2289911258500068,0.23872756871941148,0.232213968535251,0.4122734181765609,0.23252055276326677,0.14292709481179555
0.23347633445586025,0.24378419377696647,0.24675080008755512,0.2624068712802602,0.43790905858402723,0.23281277775870657,0.14580912798106294
0.2601218994180262,0.2510388145145632,0.268299815748234,0.26062881418214656,0.5272054485138107,0.23332505426298056,0.14892443391258903
0.2589364101430417,0.26035963084267766,0.26396752630448594,0.2553846893534307,0.682407403789421,0.23142501772637147,0.1526945309837009
0.24967818200812786,0.23290794474309195,0.23948148515975554,0.2383470875703595,0.4689428070161728,0.22917006382706884,0.15540332584213035
0.2364231398024218,0.22862788897008546,0.24414014892476765,0.23685036557766082,0.38449162443391177,0.224173911081889,0.15670862368512783
0.23452634318009113,0.2457823430843704,0.24156328904271707,0.2631045768468626,0.43448029290059903,0.22430287019117157,0.15892128502212155
0.2604380666443026,0.2481437985652628,0.2532773936537914,0.2436699257855025,0.4375818117168054,0.22249394049603266,0.161132229443947
0.2412555091518972,0.2431597894417945,0.24847243836851574,0.25916588537105534,0.4415068204108266,0.22520438527693232,0.16348082282834886
0.25712995685847206,0.2551599801376918,0.26643188594700995,0.2730188232142673,0.4719300336429317,0.22828868077539055,0.16578953719381717
0.27546572645277745,0.28666471628372503,0.2885998589694799,0.2997231294409358,0.5031913895976523,0.23538598821114864,0.16893142913796555
0.29760639082293616,0.2884925420026423,0.3057040849468843,0.3018275105346123,0.46576802397596145,0.2395303205113699,0.1737491088039056
0.2971999491706744,0.2806929966515963,0.2892637340093237,0.28722061384078057,0.400946769145407,0.24232594372628546,0.177251628833625
0.2858868408002918,0.28064754007143056,0.29541903557624327,0.2992617700896,0.4037913747494363,0.24693878629743282,0.1814929903287188
0.3007677185268206,0.291115095645218,0.30083161578159945,0.296594718785094,0.3964669060615888,0.25306241960274356,0.18527381026788703
0.2922434008016369,0.28502987314980976,0.29217823197288395,0.29552563164745205,0.31885762514506316,0.25923101059966047,0.18840026567901247
0.29476116143355247,0.28569966477157993,0.3031046975443422,0.2992279769079925,0.31461025386542046,0.2630287007563623,0.19204171974043582
0.2974483072097981,0.2889353278978535,0.29389987025384456,0.29553689604132105,0.40638297456656886,0.2684815286204376,0.1956432974001745
0.2932821079946756,0.29626935906360563,0.30635669622648243,0.3019963390719925,0.4182439640047983,0.2729843382162085,0.1986985688802796
0.29824995789490527,0.28499578071468545,0.3025532540625603,0.3034817966708222,0.3232231960394337,0.276186941909218,0.20184603556422775
0.29713220889529735,0.280624881074915,0.2845376250457675,0.2781728328920302,0.3398063089288575,0.2739213370951834,0.20382713581963396
0.27810766610425464,0.2642196983041232,0.27547908927553355,0.2649500829375341,0.3645520332287446,0.2700443752490418,0.20402996212739
0.26262842743052517,0.25336617756033153,0.2666794826280193,0.2635322117019193,0.42047217327086656,0.26755398919793616,0.20432627132536552
0.26146547230614925,0.2573283837400149,0.27136060523205796,0.27215228911028466,0.3384514092129273,0.2647039416139816,0.20427652789595996
0.27173987348349316,0.26318660050886433,0.2802052669205547,0.27537074623175106,0.43900704508778027,0.2624726435768219,0.20486999951499762
0.2696736917168322,0.2530142355318843,0.2545939486546983,0.24364739699776428,0.35993541026011727,0.25701863147544746,0.20331813590343017
0.24182003441729727,0.23094388787081233,0.24989029853016864,0.24596559551896913,0.3762567256557636,0.2514191026054824,0.2027117978896249
0.24503780086536653,0.24474917599554402,0.25827362681884825,0.25253761380300366,0.33383185567533985,0.24689854389214516,0.20239405080728323
0.24858303607090415,0.2567493666914413,0.2582286404593307,0.2742791989916994,0.36064851537376474,0.24398461248267855,0.20395234761623438
0.2704753424019394,0.2574078634617376,0.2770882959984323,0.27274875250272157,0.47449330462678224,0.24075361597833034,0.20505996466248333
0.2716269270833477,0.26420833415908174,0.28063287772109946,0.2821227887617065,0.29231936949785675,0.2411688788965578,0.20696173610881408
0.27985774955641485,0.26650167406329306,0.27689694943718635,0.27322137624792664,0.33293803214248036,0.24203844845908273,0.2073738219217105
0.2727108404011548,0.2686700776656161,0.2858541800466746,0.2777340023284326,0.26375999812443585,0.24353149729663892,0.20802561369424932
0.2731850223287936,0.2565450199613979,0.2583973908186207,0.2474510531177988,0.2648931514557113,0.2409346309820537,0.2077233031449306
0.24273456259077408,0.2309779110123693,0.2470771057273542,0.2500393223505494,0.34124228771935305,0.23827151236735844,0.20816883477937664
0.2476233017726589,0.23084167985900694,0.2398415820802915,0.23013211622931284,0.33740519609413766,0.23685063701640718,0.2079128364463756
0.2287682130377221,0.21744508519436212,0.227902408308699,0.22847783009310296,0.4398266275403148,0.23501213027263068,0.20659338713948294
0.22806820722156818,0.21864850657810764,0.23817619391909417,0.23198888671385354,0.3055469809278572,0.2328518214847768,0.20614828211658032
0.22665689405806844,0.21377806961148615,0.23182961447239347,0.2279939419540289,0.26304493929814826,0.22798580486521947,0.20496047780367221
0.2261375060056613,0.23362319294502787,0.23465407103545344,0.2526613847649074,0.32042157211348726,0.22587399925990947,0.2041847593036603
0.25007339104097304,0.2390613521087488,0.25848743221912074,0.2580518093432652,0.2861915498020889,0.22334339246639368,0.2025968771150395
0.2606638905328177,0.2709747817148689,0.273847492395073,0.2882559077968151,0.39264935156277475,0.2249239882125642,0.20207973232078102
0.283267435299423,0.2823392039305528,0.29331477285425545,0.29732614884797537,0.35941767641048283,0.22698373070247424,0.20246480289226287
0.2949982868532596,0.27998911259470183,0.30141678186265375,0.2969210427806569,0.3831298867237411,0.2321845615344793,0.20237560967271562
0.29670316418065135,0.29103561592349547,0.30855100034897054,0.3090184523134937,0.35497395701050705,0.23838509805463182,0.20284901500616037
0.30788072308850445,0.29661000624057876,0.3110603463510121,0.3129008905052836,0.3995332580502729,0.24708666431966253,0.20351109780071464
0.3094953259899108,0.30035650154517723,0.3161578846768148,0.3123269559005849,0.33357591931948277,0.25590180905100723,0.2040102333064462
0.31025177055024955,0.3225971035011683,0.3223694363634978,0.3373319871008954,0.4437213536884141,0.26697663740989164,0.20560283177728245
0.33067625606182427,0.32301716110629664,0.33663794201759634,0.3406742838695941,0.31640278521273973,0.2788228375079551,0.2070766516489022
0.3379812488302226,0.32608250064408373,0.3437721605039131,0.3439602586689471,0.3333014226935445,0.2884211819095506,0.2086190800787895
0.3411990152782919,0.3259235412006385,0.340463843020545,0.34107938993691256,0.41721924172505004,0.2971499567486211,0.21101612920622048
0.3368860339812235,0.3207125263506112,0.3396762039809288,0.3360491512210534,0.3867823525044642,0.3021745095260986,0.21372535329344222
0.3350231419524691,0.3421924928180682,0.3479582271088627,0.3491030726381691,0.4704413046111526,0.3076178707127415,0.21698602383680732
0.34720557237156024,0.3382189224933434,0.3556550841557423,0.34992454916667526,0.3829042329138061,0.3131901837877076,0.21994952934186163
0.3510669058915984,0.35006015374579547,0.36394837104392186,0.3669734840289439,0.4282665098486654,0.3192830558070816,0.2234400440516462
0.3637009840877198,0.3540450882155617,0.37121768597172144,0.37037203408166,0.43903732763370235,0.32532505616931373,0.22826887581443445
0.36821718621091903,0.35350016360211245,0.3685507846891708,0.36707472620310944,0.58834200130508,0.33108074550164224,0.23288372917261824
0.36669299555904955,0.35504416286926377,0.36650277208694615,0.360727858425801,0.5405991255182223,0.3335403774877703,0.23700630945124646
0.36191713386553437,0.36639722093990623,0.37476233637585354,0.3758073788648376,0.5477995334534216,0.3372339558555906,0.24087503230633667
0.37214632891811006,0.3574510056367546,0.3760676276165148,0.3720037227448031,0.4089872735158621,0.34018219404193184,0.24465713469738382
0.36862369677495643,0.352512453093452,0.3664015356076652,0.35765563236864784,0.44484571531280886,0.34192487143696026,0.24753530742477103
0.35533474997567416,0.36047095788794326,0.36748175768780833,0.37055205832758087,0.41798314336734094,0.3455521975046705,0.25124408497533457
0.36872527273213407,0.36087965134803013,0.37587634973673356,0.3783393948135708,0.39380497258941166,0.3486258420883974,0.2550776450937069
0.37591731910038717,0.36026654186433227,0.36887709032896987,0.3686165057712848,0.3635312183742766,0.35059094668781765,0.25969464459585123
0.3600541729250045,0.3438954515286645,0.35077141991167704,0.3412031608988163,0.2802854764909758,0.3478816861442171,0.26316843508623644
0.34022804836063025,0.3359710391692976,0.35314573815370076,0.3523890474375221,0.2910699702644936,0.34599111628504065,0.2678270252879855
0.3472959157093213,0.34551893051753835,0.35314573815370076,0.3600301528591986,0.2967386674898309,0.34525051305275745,0.272839815612419
0.3580557314337206,0.35608862480956405,0.37089138033192237,0.37230758663795627,0.35888235914708716,0.3464679017751413,0.27818664800980075
0.37233824821304873,0.37728476482525486,0.3851486222257753,0.39341898393793595,0.4558246034940197,0.34831942790824755,0.28449015548454404
0.3921304681838468,0.38662830944345217,0.40024982196047254,0.39278872736389137,0.4965497434775303,0.35050457679554303,0.289829696226958
0.392175674308615,0.38881951062942544,0.4044470836442028,0.39552336503161245,0.4444139448193402,0.35448565043056623,0.29506803842989004
0.3929885576131388,0.38282506270721384,0.3992258500000928,0.3956584003873852,0.3771398037691024,0.35712510596215963,0.2991606014828079
0.39350801457732143,0.3838014090708328,0.3931831173541648,0.3988768575088518,0.44608827655193156,0.35928423051271463,0.30303018279548244
0.3978096254314222,0.3907722033566636,0.4009812795617903,0.3965699920668445,0.446078507988731,0.3622230092425822,0.30682729772525774
0.39057237293840086,0.37458273146095644,0.3914051602719758,0.387218347224941,0.3697645385526115,0.36706063305080083,0.3098070982209191
0.38414814157345434,0.37826111118887384,0.37076761633215016,0.3618081412719837,0.5512449056942907,0.36805087206151565,0.31167070494623594
0.3576718928438428,0.3463477508763211,0.36591760600589185,0.358105796011443,0.4516417047315013,0.367848562449288,0.313415103843544
0.35772833158802786,0.34985580701575203,0.36623271656691025,0.36765992520167734,0.33261664641317895,0.36735994902811586,0.31457074740403
0.36644463751992584,0.364671533939227,0.3768103489780782,0.38246944361449675,0.281145110052633,0.36620881260584204,0.3161633484921149
0.3831884072752091,0.37555907782457565,0.39596251887624223,0.39258624301556055,0.3922908452933109,0.3661875252182971,0.3180162375838733
0.39074175808273115,0.38721869063706693,0.4019264738819156,0.4015664376010962,0.3891053168335788,0.366822839645359,0.32032109150746146
0.3993564191456759,0.3960741313670222,0.406506428688138,0.41368637592167123,0.38801416832406616,0.3687181392327723,0.32327945150150805
0.41169700208968074,0.40066081117544483,0.4181642831794491,0.41209960746334773,0.3617582241533586,0.370108260518746,0.3256799292247785
0.4074404595367972,0.4024318161691549,0.4143383134950357,0.4195380911660366,0.3673272820340493,0.3725229203713496,0.3283325474564185
0.4174664337632418,0.4095842981885136,0.423813196305569,0.4232405051119056,0.48513713109021067,0.3763099668342793,0.33047659761789583
0.42306648029247274,0.4240253547934587,0.4344470101550354,0.44139225160809537,0.5445212036432834,0.3846767261078212,0.33318281710357267
0.4387377071729165,0.4308485537808857,0.44382051912335807,0.43771236644996436,0.5322694716770278,0.39304584663500197,0.3358744585138109
0.4373037909470324,0.4271588099079269,0.44727519680845484,0.44087463897274215,0.42870902576165487,0.4007429847046078,0.3389284449247887
0.4379135223372007,0.42234512437294525,0.4396119936793822,0.4367783833534239,0.3317374757251204,0.40645253932899017,0.3412517399829442
0.4370215283143325,0.429758704553987,0.44961572376974146,0.44465576630503845,0.39340836892346526,0.41192666180156956,0.3440201400640024
0.44417967008900916,0.4369565045663768,0.44290911608396966,0.432513299196725,0.4212810103038805,0.41518013715172075,0.34687258523635145
0.43274252052261597,0.42122118271092224,0.42654754278666396,0.4211586528059673,0.41870992446946925,0.4159657052965693,0.34880094531255357
0.4179744513726812,0.4066664846555632,0.4212813227830362,0.41395644663321696,0.321168867198337,0.4161609167059619,0.3501581301116681
0.4133453717611121,0.4199041891703301,0.426018695506838,0.4348877510019472,0.24496039824478455,0.41777464221266714,0.3526833904027473
0.43401821531181073,0.4250017011570779,0.44002834071968155,0.43222069969744104,0.3644250419071361,0.41871873929447667,0.35615160615333274
0.43100373860164776,0.4179401322980505,0.4272452091072446,0.4282482150400263,0.4668933624566764,0.41733689322767775,0.35904221342944687
0.4241052563972868,0.4083013970830458,0.40809297052761584,0.3976052173375507,0.4466323855222078,0.41312038744085156,0.36047400813817254
0.3956531003270002,0.38070204639148897,0.3974029065583863,0.3923836212965729,0.42629326008213403,0.4080224769394698,0.3612390037701283
0.3924466354101229,0.39430298778617723,0.4041208466858687,0.4095450627268763,0.30223934542811703,0.40515940996618593,0.3618534866619887
0.40955177851645075,0.4147045384653443,0.42223778086340713,0.42559242812938936,0.37223403132973587,0.40315526164069526,0.3631034689530295
0.42268264170259495,0.4118321815125594,0.4313299705514483,0.428810885250856,0.2949041313207488,0.4027660230592087,0.36437188714414037
0.42988598960204005,0.4261938276893491,0.4425040328039159,0.43770110205609536,0.36818593873938643,0.40450514774234025,0.36597392079665636
0.43581350488873916,0.42714744576288544,0.4458460728865562,0.4444644089799198,0.248558160071584,0.4077124811635864,0.3677110306562452
0.44298294819460804,0.4361730714941925,0.45555721993638854,0.44975345401345546,0.24334663160403713,0.40927532779219056,0.3697375820531359
0.44674263684569315,0.43145029911954214,0.4500208070497952,0.44637743274847785,0.30293975140960366,0.41076363968055096,0.37199183408973413
0.4509428095661673,0.45173820834829503,0.4634904785854971,0.46756768080554145,0.40902048663074436,0.4148973355079588,0.3760217925529763
0.4641300425847209,0.4555869116646989,0.47218884875373013,0.47267677027848476,0.40544128507402616,0.42278968498695724,0.3803875100043348
0.46899631652777274,0.45344116705889137,0.4666974909081193,0.4626837418393245,0.35903670244565744,0.4301804088764132,0.3840083846389766
0.461713857909983,0.4596853489977448,0.4722675577125198,0.47419595237359313,0.3321243108278662,0.4369772233185163,0.3875036156309766
0.4734786140573958,0.4579482978520242,0.47190752947344883,0.4664873979593588,0.4080934499830026,0.44127655350667916,0.3903196129974802
0.4641300425847209,0.4610362963863266,0.46584226930702954,0.4556165710223469,0.4295217702199489,0.4440946627883571,0.39237918883887457
0.45351694003049203,0.4540541379554546,0.4585730230606947,0.46856925026529705,0.38811478452503284,0.4473398629193335,0.3944704962038992
0.470068859402612,0.45475802201234905,0.45990077314038247,0.45359090331509744,0.3466032752038699,0.44829934064411137,0.39605151858359267
0.4528395372767223,0.4501260242108953,0.448355418888598,0.4393553195069767,0.5025017290356866,0.4472061740818143,0.39680665242232527
0.43836517011423093,0.42824865913482535,0.4431679078437599,0.4353717078263498,0.4022762705970155,0.4460491309149637,0.3972689108934191
0.4315569623358556,0.41778117285460525,0.4224289900617234,0.4119871008953132,0.5256502932522673,0.44020588745306233,0.39614843006965117
0.4114372046958138,0.42183415360748544,0.4241169057434119,0.438410072016567,0.42744595053981077,0.43660339426383454,0.39617501608227346
0.43596028697068523,0.4202221080572204,0.41251537005332917,0.40473983714708617,0.5170607956299356,0.4305116920398415,0.39479810246221514
0.40295816200717394,0.4052020344037017,0.40801426156882614,0.41226843600072816,0.48679974054696135,0.42400118862764224,0.3938641529555962
0.4083098504972812,0.3985944769977925,0.41314545381243606,0.41511558023648354,0.41694083767383155,0.41860041665800773,0.39273852662082054
0.415332511721204,0.4152153706436694,0.42575990374704775,0.4163421628323082,0.43139928806711386,0.41447145777979566,0.3921223268137919
0.4155131983967263,0.42162987617100933,0.4281792770300542,0.4389952710151349,0.3545050659768758,0.4113623149609362,0.39280198966808055
0.4354408300065026,0.4271133533277611,0.4417049926411244,0.4419999793944015,0.2987050792621218,0.4101437492222124,0.3938705861529801
0.4437507631979144,0.45176079805124325,0.4563224688184432,0.46876047021975864,0.31657178135611097,0.4132351429235055,0.39516130330329013
0.4658236183809207,0.4554279522212539,0.47330286211461037,0.4686817568333316,0.3101968170113667,0.41673706259383003,0.3965506488548267
0.47054311024202644,0.46558888375962515,0.48051592692264655,0.4748711291524573,0.299639930760424,0.423348125083014,0.3983272111218057
0.4731060769987102,0.46172881629817963,0.47048966931179603,0.46218852062105265,0.28728758259320186,0.42584797781155226,0.400788152525289
0.46100255056263706,0.4569833156334464,0.47097346155063924,0.4692106338625538,0.25137443684233146,0.4326258588987901,0.4037156394532899
0.46838658513760445,0.4750345670960605,0.48087595516171777,0.4870135962607708,0.326908874935039,0.44048389437995517,0.4066675714844501
0.48542391905677984,0.47143573638343295,0.48994561732926767,0.4881613280995113,0.254447626825256,0.44816326889007607,0.40905175421711326
0.48567227709590355,0.4720941638601617,0.4905195196500761,0.48757626647160024,0.3002885633569472,0.4556521833819187,0.4112910041839781
0.482285125503504,0.46680359999484455,0.474428139235736,0.4708086667147463,0.2890244331302774,0.4589967583525809,0.41255256518341055
0.4689850149965805,0.45342980291384993,0.47263898707476637,0.4668474464512008,0.24733220538990242,0.4616089980891753,0.413405468965786
0.46921076997332023,0.47354738855411616,0.48169738548207064,0.48356998863257805,0.25482371650848107,0.46316593797320316,0.4146940452066328
0.48159642121854207,0.4680752755424058,0.48481442508565775,0.4829060762475831,0.24240787268045466,0.4646613552853571,0.4160859661309222
0.48234163315946443,0.47218507702049295,0.49282639269355577,0.48851024956814093,0.1774987007810943,0.4660952500256379,0.41688398097288415
0.4811899795662803,0.46570238662290464,0.4691843093896698,0.46697121741310454,0.11171328876263564,0.4665980598524797,0.4166665713551918
0.46493162435805246,0.45635884200470733,0.4720087659527298,0.4716301432432525,0.26142726523212056,0.4668524253591477,0.4170074732370679
0.4737608766900957,0.47343388569083666,0.48623228524731055,0.48651837504249895,0.2959874649797009,0.46680036224374777,0.41747701812863225
0.48520946561123235,0.47718031170186803,0.4934340862951013,0.4869460098975559,0.2659032208906585,0.4666725945927235,0.41825659183602704
0.48697071277103354,0.479110414726158,0.4860634662065558,0.47645789761078083,0.35076175255838665,0.4655037090528831,0.4190507488533577
0.4754996586110639,0.4812107027518,0.4835653839647599,0.4832773891332941,0.4456252466562208,0.46681455864941723,0.41961120126238893
0.4812464872222407,0.47166274210999193,0.4884152569280883,0.4802052317614697,0.281730246988352,0.4682188763410604,0.42062533803566726
0.47844646395762525,0.4629436711205337,0.4746644034750348,0.4674775656545883,0.34470524337398356,0.4665270633822143,0.42169693388761376
0.46493162435805246,0.45613183627814835,0.47160368267267605,0.4719901917350945,0.2829073588540303,0.46537946522991924,0.4230922781732449
0.4735349838898052,0.466587958413327,0.4860071474053277,0.47919239790784485,0.2712905834958171,0.464399869912977,0.4256531304298339
0.4794851022388885,0.4691423964792216,0.48898915924889674,0.4837613459576967,0.2512259546816816,0.4661650333747678,0.4273812369537837
0.4838658238113339,0.4762494219184146,0.4963034605362141,0.49242641225621,0.32521305236340614,0.46835136649936215,0.4307225266098491
0.49094499269121716,0.4755114454263958,0.4935015314936454,0.48547188537792374,0.3737247140741551,0.4682413479659042,0.43351193796373
0.4847352147718179,0.47789555990380395,0.49643848829623194,0.4868785609049978,0.35269495121579536,0.46823425698402876,0.43624646037719783
0.48219485107751836,0.46671282542164794,0.48284519012368776,0.47213649148473646,0.6247738577619049,0.4677799431187719,0.4383724986328994
0.47259792156571956,0.463738329750625,0.48059463588143625,0.4793274332636178,0.49883949469176275,0.46736468020054445,0.43990935232298733
0.48100943071430924,0.47956456476641063,0.4934566138155926,0.49235896326365214,0.2694199036428926,0.4686424144784622,0.4418282772175093
0.49139664046824716,0.48250496800230946,0.5038091083847774,0.49682653176868163,0.23657701730598657,0.47172790143517873,0.4428977321599932
0.4962853796501322,0.4839921465442536,0.5054857603062205,0.4997185962092566,0.19024862947058296,0.47464301708194423,0.4440803883446447
0.49881444181323975,0.48955517271629545,0.5112021186308845,0.5063468677773085,0.004727984589114692,0.4774977943941354,0.445279768748696
0.5060969004310295,0.49398289308127286,0.5139366024749091,0.5078098652737283,0.14624418282061402,0.4800260399340126,0.44701816629466085
0.5072485540242134,0.49398289308127286,0.5168285042365132,0.5060317394902861,0.1242277950789886,0.4814563819623965,0.4484212314640521
0.5038387993694297,0.4894871264331815,0.512169840471501,0.5062794187847505,0.10335042180655898,0.48364389932428997,0.4491553540299622
